player_id,name,team,position,value,pred_points
169,Gomez,BHA,MID,49,15.567078086000066
328,Sessegnon,FUL,MID,54,14.41453998235156
430,Haaland,MCI,FWD,148,13.727543200770965
21,Rice,ARS,MID,68,12.650280238788637
457,Casemiro,MUN,MID,55,11.677009099807599
390,Gravenberch,LIV,MID,56,11.643466848917093
5,Gabriel,ARS,DEF,66,11.606986065084962
668,Xhaka,SUN,MID,51,10.981454677197245
173,Wieffer,BHA,MID,49,10.016198656036757
260,Guéhi,CRY,DEF,50,9.977330119968887
381,M.Salah,LIV,MID,142,9.91630067864776
329,Wilson,FUL,MID,52,9.912522121450886
241,Caicedo,CHE,MID,60,9.908480364603944
417,Cherki,MCI,MID,63,9.625512193058157
272,Lerma,CRY,MID,49,9.508513359911776
249,João Pedro,CHE,FWD,74,9.407990217601967
612,L.Paquetá,WHU,MID,59,9.329150183990267
452,Amad,MUN,MID,63,9.242289991851873
283,Mateta,CRY,FWD,79,8.932797923517803
299,Ndiaye,EVE,MID,65,8.802984586269394
160,Minteh,BHA,MID,60,8.489145352054546
372,Robertson,LIV,DEF,58,8.106466205781725
489,J.Murphy,NEW,MID,61,8.102772170874617
85,Adams,BOU,MID,50,8.016544050683132
515,Gibbs-White,NFO,MID,73,8.007157883768985
411,O’Reilly,MCI,DEF,49,7.884302325604543
257,Lacroix,CRY,DEF,50,7.395098343031803
151,Van Hecke,BHA,DEF,44,7.38284354309462
666,Gyökeres,ARS,FWD,90,7.2766020186914036
716,Savona,NFO,DEF,45,7.232329006115397
708,M.Fernandes,WHU,MID,55,7.047008328536206
314,Leno,FUL,GKP,50,7.024651843189865
224,Cucurella,CHE,DEF,61,7.006952430768903
225,James,CHE,DEF,55,6.918414388214192
374,Konaté,LIV,DEF,54,6.892115047797377
367,Mamardashvili,LIV,GKP,43,6.782191970571295
261,Richards,CRY,DEF,45,6.546392397751502
226,Chalobah,CHE,DEF,51,6.540341446615792
230,Fofana,CHE,DEF,44,6.52825029534638
253,Henderson,CRY,GKP,50,6.342483579943674
610,Wan-Bissaka,WHU,DEF,43,6.193997555257682
7,Calafiori,ARS,DEF,58,6.191840772137275
146,Dunk,BHA,DEF,45,6.1860349235670204
386,Mac Allister,LIV,MID,63,6.17747268663653
322,Tete,FUL,DEF,45,6.139384921937734
148,F.Kadıoğlu,BHA,DEF,44,6.109544237031099
178,Welbeck,BHA,FWD,65,6.067606778615852
317,Andersen,FUL,DEF,45,6.063566618241309
20,Trossard,ARS,MID,69,6.054430146129914
613,Souček,WHU,MID,57,6.024519062102382
139,Verbruggen,BHA,GKP,44,6.006408200102415
256,Muñoz,CRY,DEF,57,5.995650222092348
220,Sánchez,CHE,GKP,48,5.976447998532993
318,Bassey,FUL,DEF,45,5.941590339141452
547,E.Le Fée,SUN,MID,49,5.879350012138583
6,Saliba,ARS,DEF,60,5.84621440273543
228,Gusto,CHE,DEF,49,5.814760576121855
375,Bradley,LIV,DEF,50,5.734497768178469
1,Raya,ARS,GKP,58,5.706635029998104
8,J.Timber,ARS,DEF,61,5.565287816305934
258,Mitchell,CRY,DEF,50,5.4780738904349935
373,Virgil,LIV,DEF,60,5.420425336042192
522,Yates,NFO,MID,47,5.236416045262164
330,Berge,FUL,MID,49,5.204087220053557
526,Igor Jesus,NFO,FWD,58,5.180178459223496
449,B.Fernandes,MUN,MID,89,5.159838017541683
337,Raúl,FUL,FWD,62,5.137467408859843
90,Scott,BOU,MID,50,5.019002449730773
565,Vicario,TOT,GKP,51,4.4381488884603355
488,Bruno G.,NEW,MID,66,4.065278534067547
414,Foden,MCI,MID,80,4.058847175174655
648,Munetsi,WOL,MID,54,3.902135904779792
450,Cunha,MUN,MID,79,3.8865802624823
271,Kamada,CRY,MID,50,3.7784885740650394
673,J.Palhinha,TOT,MID,55,3.5225728024692606
302,Gana,EVE,MID,54,3.4898382657087272
517,Anderson,NFO,MID,53,3.470058027846263
531,Ballard,SUN,DEF,46,3.3686470694386155
295,Keane,EVE,DEF,45,3.279848078287561
167,Baleba,BHA,MID,47,3.2664497178293392
324,Iwobi,FUL,MID,65,3.2613132434157728
423,N.Gonzalez,MCI,MID,59,3.218879099295679
593,P.M.Sarr,TOT,MID,49,3.1884075016607607
26,Zubimendi,ARS,MID,55,3.1352483332768166
712,Yeremy,CRY,MID,58,3.1122228408141277
335,King,FUL,MID,45,3.0935229409139784
623,Potts,WHU,MID,44,3.0689105085395423
166,Ayari,BHA,MID,49,3.046665811509892
266,Eze,ARS,MID,76,2.9709513086324666
267,Sarr,CRY,MID,66,2.9202132883232133
731,Kevin,FUL,MID,60,2.9175480387543784
453,Garnacho,CHE,MID,64,2.894980772017623
609,Todibo,WHU,DEF,43,2.8668277800430277
384,Gakpo,LIV,MID,76,2.8334704311705465
506,Murillo,NFO,DEF,53,2.801919678874954
16,Saka,ARS,MID,101,2.780240672660033
158,Georginio,BHA,MID,57,2.725954985586365
236,Neto,CHE,MID,71,2.6967356009488666
600,Areola,WHU,GKP,43,2.683576887210738
72,Senesi,BOU,DEF,50,2.6599044864495256
724,Geertruida,SUN,DEF,45,2.6174308747327677
198,Tuanzebe,BUR,DEF,39,2.614417752154035
603,Diouf,WHU,DEF,44,2.541223427292463
408,Rúben,MCI,DEF,55,2.433178621490134
469,Pope,NEW,GKP,52,2.4315483399973052
552,Sadiki,SUN,MID,50,2.426963513643185
84,Tavernier,BOU,MID,55,2.3774726007761426
387,Szoboszlai,LIV,MID,65,2.3553352941549077
661,Ekitiké,LIV,FWD,86,2.347806014698934
303,Garner,EVE,MID,50,2.3058920055630217
605,Kilman,WHU,DEF,43,2.2868029809212596
291,Tarkowski,EVE,DEF,55,2.251446256626424
407,Matheus N.,MCI,DEF,53,2.245417510702803
624,Bowen,WHU,FWD,77,2.239263750661802
358,Tanaka,LEE,MID,48,2.2337164305968997
541,Reinildo,SUN,DEF,40,2.223074683332838
615,Summerville,WHU,MID,55,2.2159183111717695
419,Grealish,EVE,MID,69,2.2156177271933166
67,Petrović,BOU,GKP,45,2.214440796688907
575,Van de Ven,TOT,DEF,48,2.209631367056756
644,Bellegarde,WOL,MID,52,2.1910938731096357
113,Van den Berg,BRE,DEF,45,2.18266855273457
237,Enzo,CHE,MID,67,2.178019480330992
670,Roefs,SUN,GKP,47,2.1595573786818987
722,Florentino,BUR,MID,50,2.154932558522528
58,Kamara,AVL,MID,49,2.1485910688940857
491,Tonali,NEW,MID,54,2.1478967451214066
416,Bernardo,MCI,MID,63,2.1337210342895885
293,O'Brien,EVE,DEF,49,2.1332345762764566
502,Sels,NFO,GKP,48,2.1231427255186537
86,Brooks,BOU,MID,50,2.1135499333640246
735,Traoré,SUN,MID,55,2.1134752061369007
83,O.Dango,BRE,MID,60,2.111619723095779
490,Joelinton,NEW,MID,59,2.1036999930841622
242,Dewsbury-Hall,EVE,MID,49,2.092528591729873
665,Perri,LEE,GKP,45,2.081619427195961
560,Isidor,SUN,FWD,56,2.0756305013880447
418,Doku,MCI,MID,65,2.067847976420174
573,Spence,TOT,DEF,45,2.0662409067616365
726,Kolo Muani,TOT,FWD,69,2.0609611894613535
209,Laurent,BUR,MID,49,2.059195172702951
403,Gvardiol,MCI,DEF,59,2.055766337013906
119,Mbeumo,MUN,MID,84,2.034285292100641
698,Okafor,LEE,MID,55,2.033116763474977
516,Hudson-Odoi,NFO,MID,58,2.0000743484753953
568,Pedro Porro,TOT,DEF,55,1.9848859397615528
671,Wilson,WHU,FWD,58,1.9750566719036375
292,Mykolenko,EVE,DEF,49,1.9706356275171955
287,Pickford,EVE,GKP,55,1.9537819782370955
136,Thiago,BRE,FWD,62,1.9202750709955858
121,Damsgaard,BRE,MID,58,1.9192165452489562
64,Watkins,AVL,FWD,85,1.9163343022358077
717,Xavi,TOT,MID,67,1.9014013753359835
681,Šeško,MUN,FWD,73,1.8699749629331772
676,Ugochukwu,BUR,MID,50,1.8570345311186003
470,Dúbravka,BUR,GKP,40,1.8560041952187964
350,Aaronson,LEE,MID,54,1.818289488402594
82,Semenyo,BOU,MID,81,1.812870422354376
200,Anthony,BUR,MID,57,1.7802951299101162
129,Yarmoliuk,BRE,MID,50,1.7026606422327628
354,Ampadu,LEE,MID,49,1.698257630379042
691,Calvert-Lewin,LEE,FWD,55,1.690157286460463
654,Strand Larsen,WOL,FWD,64,1.634680171083827
100,Kroupi.Jr,BOU,FWD,46,1.6226650189001508
736,Donnarumma,MCI,GKP,57,1.603131502417103
74,Truffert,BOU,DEF,45,1.602347739073646
627,Johnstone,WOL,GKP,45,1.591867693648256
88,Cook,BOU,MID,49,1.526329968070366
101,Kelleher,BRE,GKP,45,1.4559490485967377
124,Henderson,BRE,MID,50,1.4522494967565833
191,Estève,BUR,DEF,40,1.4065143672682958
636,S.Bueno,WOL,DEF,44,1.4055735657477053
713,A.Jimenez,BOU,DEF,45,1.4051741498898795
108,Ajer,BRE,DEF,44,1.40396718117453
38,Konsa,AVL,DEF,44,1.3786799601706399
443,Shaw,MUN,DEF,45,1.364557963027836
685,Diakité,BOU,DEF,45,1.3628580997674655
347,Gudmundsson,LEE,DEF,40,1.3568608674947678
110,Kayode,BRE,DEF,45,1.3295267905291952
192,Hartman,BUR,DEF,40,1.3200014127772115
348,Rodon,LEE,DEF,41,1.2491112603297179
505,Milenković,NFO,DEF,52,1.2476262591849745
187,Walker,BUR,DEF,44,1.2263704407934393
436,De Ligt,MUN,DEF,50,1.212512419283538
59,Onana,AVL,MID,48,1.1490897884269842
444,Yoro,MUN,DEF,44,1.1471360520628568
582,Kudus,TOT,MID,66,1.1311344906366114
508,N.Williams,NFO,DEF,47,1.1266890135974221
684,Thiaw,NEW,DEF,49,1.1188766235800196
660,Stach,LEE,MID,50,1.1107503808101138
205,Cullen,BUR,MID,50,1.0787015948378194
709,Krejčí,WOL,DEF,45,1.0668210737621964
532,Hume,SUN,DEF,45,1.0651531567306958
638,Hoever,WOL,DEF,39,1.04041901185892
663,J.Arias,WOL,MID,51,1.0399836931079733
493,Longstaff,LEE,MID,49,1.0316223971953704
22,Merino,ARS,MID,59,1.0284700906863422
487,Barnes,NEW,MID,63,1.0253042114848256
353,James,LEE,MID,53,1.0245564470115451
456,Sancho,AVL,MID,58,1.0193849513324869
569,Romero,TOT,DEF,50,1.0189969311492901
331,Cairney,FUL,MID,49,1.0154567176538978
474,Schär,NEW,DEF,54,1.014386101084638
202,Bruun Larsen,BUR,MID,53,1.0132378035348528
527,Awoniyi,NFO,FWD,52,1.0125990112075824
597,Richarlison,TOT,FWD,65,1.0124395134475281
643,André,WOL,MID,54,1.010285066034043
415,Savinho,MCI,MID,69,1.0086911006368862
270,Hughes,CRY,MID,48,1.0077594189300294
352,Harrison,LEE,MID,52,1.0070272862016934
725,Hincapie,ARS,DEF,54,1.0035003276486034
55,Barkley,AVL,MID,48,1.0017494109836333
586,Bergvall,TOT,MID,54,1.0006968499033642
720,Tolu,WOL,FWD,55,1.0004977739459584
338,Muniz,FUL,FWD,54,1.00018710610627
680,Broja,BUR,FWD,52,1.0000549207444729
382,Wirtz,LIV,MID,80,0.9998166796118227
276,Devenny,CRY,MID,44,0.9994187875251948
300,McNeil,EVE,MID,56,0.9990856168906187
699,Douglas Luiz,NFO,MID,50,0.9988883861047547
706,Justin,LEE,DEF,40,0.9984291968991352
39,Maatsen,AVL,DEF,43,0.9983138074624026
40,Mings,AVL,DEF,44,0.9981913829853514
232,Tosin,CHE,DEF,43,0.996153986712562
723,Canvot,CRY,DEF,45,0.9947406467984022
123,Carvalho,BRE,MID,49,0.994314499282132
486,Elanga,NEW,MID,67,0.9941131118255997
500,Osula,NEW,FWD,55,0.9933496255240271
325,Smith Rowe,FUL,MID,56,0.9933436983576542
10,Lewis-Skelly,ARS,DEF,52,0.9929126817416868
41,Pau,AVL,DEF,43,0.9916735309983934
521,Sangaré,NFO,MID,49,0.991506851519824
311,Beto,EVE,FWD,52,0.9910710360912233
87,Christie,BOU,MID,50,0.9909496360389862
244,Lavia,CHE,MID,49,0.9902829776718972
126,Jensen,BRE,MID,49,0.9901187857415139
53,Malen,AVL,MID,51,0.9893714480895082
553,Talbi,SUN,MID,50,0.9888603611834926
588,Odobert,TOT,MID,53,0.9887783689424378
421,Rodrigo,MCI,MID,63,0.9884477904991511
181,Kostoulas,BHA,FWD,48,0.9884259963985488
413,Marmoush,MCI,MID,83,0.9883829541662557
744,Oriola,BHA,MID,45,0.9878133445605587
175,Knight,BHA,MID,45,0.9878133445605587
304,Iroegbunam,EVE,MID,49,0.9877179519432511
172,Watson,BHA,MID,49,0.9876396899480097
659,Walker-Peters,WHU,DEF,43,0.9875465219035326
633,H.Bueno,WOL,DEF,44,0.9872629961808134
54,McGinn,AVL,MID,54,0.9869756865033884
180,Tzimas,BHA,FWD,53,0.9866344395265755
580,Johnson,TOT,MID,67,0.9865122714736055
24,Nørgaard,ARS,MID,52,0.986001353980425
391,Gannon-Doak,BOU,MID,49,0.9840650205070621
25,Nwaneri,ARS,MID,52,0.9835623126892823
149,Igor,WHU,DEF,45,0.9828180367196696
27,Nelson,BRE,MID,48,0.9824184573754239
441,Dorgu,MUN,DEF,43,0.9822918953354857
344,Bijol,LEE,DEF,39,0.9821326941130776
574,Udogie,TOT,DEF,44,0.9812011367894689
97,Evanilson,BOU,FWD,70,0.9810509160110022
730,Brobbey,SUN,FWD,55,0.9792539208401058
485,Gordon,NEW,MID,75,0.9786241832458594
326,Adama,FUL,MID,52,0.9773157765315885
32,Martinez,AVL,GKP,50,0.975869618249303
210,Tchaouna,BUR,MID,49,0.9748751366616529
402,Aït-Nouri,MCI,DEF,58,0.9740212340945708
107,Lewis-Potter,BRE,DEF,49,0.9714253543000322
207,Hannibal,BUR,MID,49,0.9692596279249642
646,Gomes,WOL,MID,54,0.9678007496424037
125,Janelt,BRE,MID,49,0.9627339312498691
694,Mukiele,SUN,DEF,42,0.95965538393423
427,Reijnders,MCI,MID,55,0.9577072786290923
476,Burn,NEW,DEF,52,0.9423967186348097
37,Digne,AVL,DEF,45,0.9134037221161041
365,Nmecha,LEE,FWD,50,0.9130951035710763
47,Rogers,AVL,MID,68,0.911217176398383
727,Chukwueze,FUL,MID,53,0.9111078513889644
238,Estêvão,CHE,MID,65,0.9086448630920105
239,Gittens,CHE,MID,61,0.9056202543955433
669,Ndoye,NFO,MID,57,0.8843307318969847
733,Lammens,MUN,GKP,50,0.8721273415395985
120,Schade,BRE,MID,70,0.8540541491839303
206,Edwards,BUR,MID,47,0.8506031010919372
714,Woltemade,NEW,FWD,75,0.8379004206422834
440,Dalot,MUN,DEF,44,0.8279870589383861
215,Flemming,BUR,FWD,53,0.8169104798057162
677,Guessand,AVL,MID,63,0.8096087729751368
475,Botman,NEW,DEF,49,0.3231030526876869
585,Bentancur,TOT,MID,53,0.17386129172956036
81,Kluivert,BOU,MID,70,0.14462598790929962
438,Mazraoui,MUN,DEF,49,0.13338410371523762
301,Alcaraz,EVE,MID,52,0.0984318563339591
570,Danso,TOT,DEF,43,0.08291037509123483
499,Isak,LIV,FWD,104,0.058280516280895305
50,Buendía,AVL,MID,53,0.04804629046905844
106,Collins,BRE,DEF,49,0.0463020671530156
683,Alderete,SUN,DEF,41,0.0455409845213335
342,Bogle,LEE,DEF,45,0.0415092727083144
695,Tchatchoua,WOL,DEF,45,0.03776977698804821
273,Wharton,CRY,MID,50,0.02960927193820181
235,Palmer,CHE,MID,103,0.018191167495132006
77,Hill,BOU,DEF,40,0.017641236899343143
19,Martinelli,ARS,MID,69,0.01403481445515206
621,Irving,WHU,MID,44,0.011761167030351788
36,Cash,AVL,DEF,46,0.01116194995833857
497,L.Miley,NEW,MID,44,0.010999758855122428
320,Diop,FUL,DEF,44,0.009514678574422479
284,Nketiah,CRY,FWD,54,0.008514515650780373
477,Livramento,NEW,DEF,49,0.008051558958521492
662,Mosquera,ARS,DEF,54,0.007301540355535508
319,Castagne,FUL,DEF,44,0.007290123957579411
30,Havertz,ARS,FWD,73,0.006565195461400874
596,Solanke,TOT,FWD,72,0.006545656692149294
135,Wissa,NEW,FWD,73,0.006545656692149294
170,Milner,BHA,MID,50,0.006373587200152484
332,Lukić,FUL,MID,50,0.006260850702485914
732,Uche,CRY,FWD,55,0.006134282411323173
18,Madueke,ARS,MID,68,0.005672212679480454
642,Hee Chan,WOL,MID,58,0.004520284898590886
459,Ugarte,MUN,MID,48,0.004466766468013807
561,Mayenda,SUN,FWD,54,0.004463607842416671
128,Onyeka,BRE,MID,49,0.004359317623717135
728,Röhl,EVE,MID,50,0.004263113954398305
466,Zirkzee,MUN,FWD,58,0.004087460192345485
458,Mainoo,MUN,MID,48,0.003959124646182651
686,Ngumoha,LIV,MID,45,0.0038976031835106207
697,Adli,BOU,MID,54,0.003832369005265493
370,Frimpong,LIV,DEF,58,0.0038120473091396863
447,Heaven,MUN,DEF,38,0.0034958810183936813
243,George,CHE,MID,49,0.0032700842869084505
109,Henry,BRE,DEF,44,0.0032700842869084505
519,Dominguez,NFO,MID,50,0.00320524062135421
229,B.Badiashile,CHE,DEF,44,0.003136503541037001
157,Mitoma,BHA,MID,62,0.003122814649555751
422,Kovačić,MCI,MID,59,0.003044384670984818
145,De Cuyper,BHA,DEF,43,0.0030367188087682836
98,Enes Ünal,BOU,FWD,54,0.0029805393554756744
696,Kalimuendo,NFO,FWD,60,0.002858919421558834
376,Gomez,LIV,DEF,49,0.0028573328528465405
259,Sosa,CRY,DEF,49,0.0028377940835949606
420,Gündoğan,MCI,MID,63,0.0028310592276655023
12,Zinchenko,NFO,DEF,49,0.0028021589626848874
672,Hato,CHE,DEF,47,0.002750629580953689
397,Darwin,LIV,FWD,65,0.0027152296818357896
31,G.Jesus,ARS,FWD,64,0.0027152296818357896
454,Antony,MUN,MID,59,0.0026956909125842097
465,Højlund,MUN,FWD,63,0.0026956909125842097
250,Delap,CHE,FWD,62,0.0026956909125842097
251,N.Jackson,CHE,FWD,65,0.0026956909125842097
159,March,BHA,MID,58,0.0026956909125842097
583,Kulusevski,TOT,MID,64,0.0026956909125842097
240,Nkunku,CHE,MID,59,0.0026956909125842097
48,Tielemans,AVL,MID,59,0.0026956909125842097
707,Dibling,EVE,MID,54,0.0026754033217677286
362,Piroe,LEE,FWD,50,0.002546977067338187
356,Gruev,LEE,MID,48,0.002546977067338187
618,G.Rodriguez,WHU,MID,48,0.002546977067338187
608,Scarles,WHU,DEF,44,0.0025326580498870144
678,Masuaku,SUN,DEF,39,0.0025326580498870144
626,Marshall,WHU,FWD,44,0.0025326580498870144
737,Kusi-Asare,FUL,FWD,45,0.002503449505242847
721,Milosavljević,BOU,DEF,45,0.002400827814326306
406,Khusanov,MCI,DEF,54,0.0023697540374284947
480,Lascelles,NEW,DEF,43,0.002273341518339709
366,A.Becker,LIV,GKP,54,0.0020354325819375184
389,Elliott,AVL,MID,54,0.002015893812685939
246,Andrey Santos,CHE,MID,45,0.0019671329413655657
619,L.Guilherme,WHU,MID,49,0.0019389969399875966
410,Lewis,MCI,DEF,49,0.0019374638341150055
734,Bakwa,NFO,MID,60,0.0018942738787691
431,Bayindir,MUN,GKP,48,0.0018731485408052262
494,Willock,NEW,MID,50,0.0018731485408052262
152,Veltman,BHA,DEF,43,0.0018731485408052262
111,Pinnock,BRE,DEF,43,0.0018731485408052262
221,Jörgensen,CHE,GKP,44,0.0018731485408052262
392,Endo,LIV,MID,49,0.0018605900842778003
591,Gray,TOT,MID,48,0.0018410513150262204
144,Coppola,BHA,DEF,43,0.0018410513150262204
719,Lindelöf,AVL,DEF,45,0.0018410513150262204
451,Rashford,MUN,MID,70,0.0017773566550578102
581,Maddison,TOT,MID,69,0.0017773566550578102
182,Trafford,MCI,GKP,47,0.0017241383907956908
425,Echeverri,MCI,MID,54,0.0017241383907956908
412,Vitor Reis,MCI,DEF,50,0.0017241383907956908
399,Ederson M.,MCI,GKP,53,0.0017241383907956908
428,Nypan,MCI,MID,50,0.0017241383907956908
429,Phillips,MCI,MID,48,0.0017241383907956908
739,Mukasa,MCI,MID,45,0.0017241383907956908
740,Mfuni,MCI,DEF,40,0.0017241383907956908
742,McAidoo,MCI,MID,45,0.0017241383907956908
401,Bettinelli,MCI,GKP,40,0.0017241383907956908
400,Ortega Moreno,MCI,GKP,48,0.0017241383907956908
404,Akanji,MCI,DEF,54,0.0017241383907956908
252,Marc Guiu,CHE,FWD,42,0.00168578253759853
645,Fer López,WOL,MID,53,0.001681549234333827
614,Ward-Prowse,WHU,MID,57,0.001681549234333827
409,Stones,MCI,DEF,55,0.0016109988865050486
394,McConnell,LIV,MID,44,0.0016083088449659786
395,Morton,LIV,MID,45,0.0016083088449659786
9,Kiwior,ARS,DEF,54,0.0016083088449659786
2,Arrizabalaga,ARS,GKP,42,0.0016083088449659786
369,Woodman,LIV,GKP,39,0.0016083088449659786
368,Pécsi,LIV,GKP,39,0.0016083088449659786
692,Leoni,LIV,DEF,49,0.0016083088449659786
378,Nallo,LIV,DEF,38,0.0016083088449659786
700,Dowman,ARS,MID,43,0.0016083088449659786
4,Setford,ARS,GKP,40,0.0016083088449659786
711,Harriman-Annous,ARS,MID,45,0.0016083088449659786
3,Hein,ARS,GKP,40,0.0016083088449659786
13,Clarke,ARS,DEF,39,0.0016083088449659786
29,Sambi,ARS,MID,45,0.0016083088449659786
746,Morrison,LIV,MID,45,0.0016083088449659786
377,Tsimikas,LIV,DEF,48,0.0016083088449659786
28,Kabia,ARS,MID,45,0.0016083088449659786
379,R.Williams,LIV,DEF,38,0.0016083088449659786
398,Danns,LIV,FWD,44,0.0016083088449659786
380,Ramsay,LIV,DEF,39,0.0016083088449659786
15,Nichols,ARS,DEF,39,0.0016083088449659786
393,Bajcetic,LIV,MID,43,0.0016083088449659786
11,White,ARS,DEF,53,0.0016083088449659786
14,Kacurri,ARS,DEF,39,0.0016083088449659786
23,Fábio Vieira,ARS,MID,54,0.0016083088449659786
396,Nyoni,LIV,MID,43,0.0016083088449659786
496,Kuol,NEW,MID,44,0.0015887700757143987
467,Obi,MUN,FWD,43,0.0015887700757143987
710,Patterson,AVL,DEF,39,0.0015887700757143987
598,Lankshear,TOT,FWD,45,0.0015887700757143987
472,Odysseas,NEW,GKP,40,0.0015887700757143987
468,Wheatley,MUN,FWD,45,0.0015887700757143987
471,Gillespie,NEW,GKP,40,0.0015887700757143987
599,Scarlett,TOT,FWD,43,0.0015887700757143987
743,Emenalo,CHE,MID,45,0.0015887700757143987
572,Dragusin,TOT,DEF,45,0.0015887700757143987
745,Byfield,TOT,DEF,40,0.0015887700757143987
495,Hayden,NEW,MID,45,0.0015887700757143987
498,White,NEW,MID,45,0.0015887700757143987
571,Davies,TOT,DEF,43,0.0015887700757143987
567,Kinsky,TOT,GKP,39,0.0015887700757143987
566,Austin,TOT,GKP,39,0.0015887700757143987
576,Phillips,TOT,DEF,40,0.0015887700757143987
701,Rowe,AVL,DEF,40,0.0015887700757143987
703,Proctor,AVL,GKP,40,0.0015887700757143987
702,Burrowes,AVL,MID,45,0.0015887700757143987
592,Moore,TOT,MID,50,0.0015887700757143987
590,Bryan,TOT,MID,49,0.0015887700757143987
674,Ramsdale,NEW,GKP,48,0.0015887700757143987
464,Moorhouse,MUN,MID,45,0.0015887700757143987
589,Solomon,TOT,MID,54,0.0015887700757143987
687,Rees-Dottin,BOU,MID,44,0.0015887700757143987
688,Wright,AVL,GKP,40,0.0015887700757143987
689,Seung soo,NEW,MID,44,0.0015887700757143987
587,Bissouma,TOT,MID,52,0.0015887700757143987
484,Targett,NEW,DEF,40,0.0015887700757143987
594,Min-hyeok,TOT,MID,45,0.0015887700757143987
690,Cardines,CRY,MID,44,0.0015887700757143987
578,Vuskovic,TOT,DEF,39,0.0015887700757143987
483,Pivas,NEW,DEF,39,0.0015887700757143987
482,Ashby,NEW,DEF,39,0.0015887700757143987
481,A.Murphy,NEW,DEF,39,0.0015887700757143987
492,Antoñito C.,NEW,MID,49,0.0015887700757143987
595,Olusesi,TOT,MID,44,0.0015887700757143987
577,Takai,TOT,DEF,40,0.0015887700757143987
501,Neave,NEW,FWD,44,0.0015887700757143987
60,Broggio,AVL,MID,45,0.0015887700757143987
463,Kone,MUN,MID,44,0.0015887700757143987
161,Enciso,BHA,MID,54,0.0015887700757143987
285,Édouard,CRY,FWD,50,0.0015887700757143987
286,Marsh,CRY,FWD,45,0.0015887700757143987
35,Marschall,AVL,GKP,40,0.0015887700757143987
179,Ferguson,BHA,FWD,55,0.0015887700757143987
51,Iling Jr,AVL,MID,55,0.0015887700757143987
177,Moran,BHA,MID,45,0.0015887700757143987
176,Mazilu,BHA,MID,45,0.0015887700757143987
174,Yalcouye,BHA,MID,50,0.0015887700757143987
171,Sarmiento,BHA,MID,49,0.0015887700757143987
168,Buonanotte,CHE,MID,47,0.0015887700757143987
164,O'Riley,BHA,MID,55,0.0015887700757143987
163,Hinshelwood,BHA,MID,51,0.0015887700757143987
34,Gauci,AVL,GKP,40,0.0015887700757143987
281,Rodney,CRY,MID,45,0.0015887700757143987
156,Tasker,BHA,DEF,39,0.0015887700757143987
155,Slater,BHA,DEF,40,0.0015887700757143987
154,Cashin,BHA,DEF,40,0.0015887700757143987
153,Webster,BHA,DEF,44,0.0015887700757143987
150,Lamptey,BHA,DEF,44,0.0015887700757143987
56,Barrenechea,AVL,MID,50,0.0015887700757143987
147,Estupiñan,BHA,DEF,45,0.0015887700757143987
57,Dobbin,AVL,MID,50,0.0015887700757143987
143,Boscagli,BHA,DEF,43,0.0015887700757143987
142,Scherpen,BHA,GKP,40,0.0015887700757143987
141,Rushworth,BHA,GKP,40,0.0015887700757143987
140,McGill,BHA,GKP,40,0.0015887700757143987
282,Umeh,CRY,MID,45,0.0015887700757143987
280,Ozoh,CRY,MID,45,0.0015887700757143987
138,Steele,BHA,GKP,43,0.0015887700757143987
43,Alex Moreno,AVL,DEF,40,0.0015887700757143987
222,Penders,CHE,GKP,40,0.0015887700757143987
223,Slonina,CHE,GKP,39,0.0015887700757143987
49,Bailey,AVL,MID,55,0.0015887700757143987
227,Colwill,CHE,DEF,48,0.0015887700757143987
46,Yasin,AVL,DEF,40,0.0015887700757143987
45,Sousa,AVL,DEF,39,0.0015887700757143987
231,M.Sarr,CHE,DEF,45,0.0015887700757143987
462,J.Fletcher,MUN,MID,44,0.0015887700757143987
234,Anselmino,CHE,DEF,40,0.0015887700757143987
245,Mudryk,CHE,MID,50,0.0015887700757143987
247,D.Essugo,CHE,MID,43,0.0015887700757143987
248,Paez,CHE,MID,45,0.0015887700757143987
42,A.García,AVL,DEF,39,0.0015887700757143987
279,M.França,CRY,MID,45,0.0015887700757143987
254,Benitez,CRY,GKP,40,0.0015887700757143987
255,Matthews,CRY,GKP,40,0.0015887700757143987
262,Chadi Riad,CRY,DEF,40,0.0015887700757143987
263,Clyne,CRY,DEF,39,0.0015887700757143987
264,Holding,CRY,DEF,40,0.0015887700757143987
265,Kporha,CRY,DEF,40,0.0015887700757143987
268,Doucouré,CRY,MID,49,0.0015887700757143987
269,Esse,CRY,MID,47,0.0015887700757143987
274,Agbinone,CRY,MID,44,0.0015887700757143987
275,Ahamada,CRY,MID,44,0.0015887700757143987
277,Ebiowei,CRY,MID,45,0.0015887700757143987
278,J.Rak-Sakyi,CRY,MID,44,0.0015887700757143987
33,M.Bizot,AVL,GKP,43,0.0015887700757143987
165,Sima,BHA,MID,54,0.0015887700757143987
91,Sinisterra,BOU,MID,50,0.0015887700757143987
432,Onana,MUN,GKP,49,0.0015887700757143987
96,Winterburn,BOU,MID,45,0.0015887700757143987
95,Silcott-Duberry,BOU,MID,44,0.0015887700757143987
94,Sadi,BOU,MID,45,0.0015887700757143987
93,H.Traorè,BOU,MID,45,0.0015887700757143987
439,D.Leon,MUN,DEF,43,0.0015887700757143987
437,Martinez,MUN,DEF,48,0.0015887700757143987
68,Dennis,BOU,GKP,40,0.0015887700757143987
435,Mee,MUN,GKP,39,0.0015887700757143987
434,Heaton,MUN,GKP,39,0.0015887700757143987
433,Harrison,MUN,GKP,40,0.0015887700757143987
69,McKenna,BOU,GKP,40,0.0015887700757143987
66,Neto,BOU,GKP,45,0.0015887700757143987
70,Paulsen,BOU,GKP,40,0.0015887700757143987
61,Dendoncker,AVL,MID,45,0.0015887700757143987
71,Zabarnyi,BOU,DEF,50,0.0015887700757143987
92,Faivre,BOU,MID,45,0.0015887700757143987
73,Smith,BOU,DEF,44,0.0015887700757143987
75,Akinmboni,BOU,DEF,39,0.0015887700757143987
76,Bevan,BOU,DEF,39,0.0015887700757143987
78,J.Araujo,BOU,DEF,39,0.0015887700757143987
79,Mepham,BOU,DEF,40,0.0015887700757143987
80,Soler,BOU,DEF,40,0.0015887700757143987
99,Adu-Adjei,BOU,FWD,44,0.0015887700757143987
102,Balcombe,BRE,GKP,40,0.0015887700757143987
137,Morgan,BRE,FWD,44,0.0015887700757143987
118,Meghoma,BRE,DEF,40,0.0015887700757143987
134,Trevitt,BRE,MID,45,0.0015887700757143987
133,Peart-Harris,BRE,MID,44,0.0015887700757143987
132,Maghoma,BRE,MID,45,0.0015887700757143987
461,Fitzgerald,MUN,MID,44,0.0015887700757143987
460,Collyer,MUN,MID,45,0.0015887700757143987
62,Jimoh-Aloba,AVL,MID,45,0.0015887700757143987
131,Konak,BRE,MID,44,0.0015887700757143987
130,Donovan,BRE,MID,45,0.0015887700757143987
127,Nunes,BRE,MID,49,0.0015887700757143987
122,Milambo,BRE,MID,53,0.0015887700757143987
117,Ji-soo,BRE,DEF,39,0.0015887700757143987
445,Amass,MUN,DEF,40,0.0015887700757143987
115,Fredrick,BRE,DEF,40,0.0015887700757143987
114,Arthur,BRE,DEF,39,0.0015887700757143987
63,Young,AVL,MID,44,0.0015887700757143987
112,Roerslev,BRE,DEF,45,0.0015887700757143987
448,Malacia,MUN,DEF,39,0.0015887700757143987
105,Valdimarsson,BRE,GKP,39,0.0015887700757143987
104,Eyestone,BRE,GKP,40,0.0015887700757143987
446,Fredricson,MUN,DEF,39,0.0015887700757143987
65,Redmond,AVL,FWD,45,0.0015887700757143987
103,Cox,BRE,GKP,40,0.0015887700757143987
89,Philip,BOU,MID,49,0.0015887700757143987
525,Wood,NFO,FWD,72,0.0015775602416744658
628,José Sá,WOL,GKP,44,0.0015388039624531131
426,McAtee,NFO,MID,52,0.0015388039624531131
193,Humphreys,BUR,DEF,40,0.0015067067366741074
316,Robinson,FUL,DEF,49,0.0015067067366741074
549,Neil,SUN,MID,48,0.0015067067366741074
199,Worrall,BUR,DEF,39,0.0015067067366741074
294,Coleman,EVE,DEF,43,0.0015067067366741074
218,Barnes,BUR,FWD,43,0.0015067067366741074
543,Adingra,SUN,MID,51,0.0014037565647512919
201,Benson,BUR,MID,54,0.0012544254973622852
679,Hermansen,WHU,GKP,44,0.0012544254973622852
203,Boateng,BUR,MID,48,0.0012544254973622852
715,John,NFO,GKP,40,0.0012544254973622852
705,Campbell,EVE,DEF,40,0.0012544254973622852
729,Cuiabano,NFO,DEF,45,0.0012544254973622852
197,Sonne,BUR,DEF,39,0.0012544254973622852
204,Churlinov,BUR,MID,49,0.0012544254973622852
641,Pond,WOL,DEF,39,0.0012544254973622852
704,Onyango,EVE,MID,45,0.0012544254973622852
640,Pedro Lima,WOL,DEF,40,0.0012544254973622852
639,Meupiyou,WOL,DEF,40,0.0012544254973622852
208,Koleosho,BUR,MID,50,0.0012544254973622852
211,A.Ramsey,BUR,MID,44,0.0012544254973622852
212,Adewumi,BUR,MID,45,0.0012544254973622852
630,King,EVE,GKP,39,0.0012544254973622852
675,Gunn,NFO,GKP,40,0.0012544254973622852
196,Sambo,BUR,DEF,40,0.0012544254973622852
647,Guedes,WOL,MID,55,0.0012544254973622852
194,Jordan,BUR,DEF,40,0.0012544254973622852
651,Edozie,WOL,MID,44,0.0012544254973622852
653,Hodge,WOL,MID,45,0.0012544254973622852
195,Lucas Pires,BUR,DEF,39,0.0012544254973622852
655,Fábio Silva,WOL,FWD,49,0.0012544254973622852
650,Chirewa,WOL,MID,44,0.0012544254973622852
656,Kalajdžić,WOL,FWD,49,0.0012544254973622852
657,Chiwome,WOL,FWD,44,0.0012544254973622852
658,Fraser,WOL,FWD,44,0.0012544254973622852
738,Fabianski,WHU,GKP,45,0.0012544254973622852
189,Dodgson,BUR,DEF,40,0.0012544254973622852
652,Gonzalez,WOL,MID,44,0.0012544254973622852
188,Delcroix,BUR,DEF,39,0.0012544254973622852
664,Lecomte,FUL,GKP,40,0.0012544254973622852
186,Roberts,BUR,DEF,44,0.0012544254973622852
185,Hladký,BUR,GKP,40,0.0012544254973622852
741,Gray,LEE,FWD,45,0.0012544254973622852
667,Aznou,EVE,DEF,43,0.0012544254973622852
184,Green,BUR,GKP,40,0.0012544254973622852
183,Weiss,BUR,GKP,44,0.0012544254973622852
649,B.Traore,WOL,MID,50,0.0012544254973622852
629,Bentley,WOL,GKP,40,0.0012544254973622852
747,Mayers,WHU,DEF,40,0.0012544254973622852
213,Banel,BUR,MID,45,0.0012544254973622852
333,Godo,FUL,MID,45,0.0012544254973622852
327,Andreas,FUL,MID,53,0.0012544254973622852
323,Amissah,FUL,DEF,39,0.0012544254973622852
523,Da Silva Moreira,NFO,MID,45,0.0012544254973622852
524,Stamenic,NFO,MID,45,0.0012544254973622852
528,Patterson,SUN,GKP,43,0.0012544254973622852
529,Moore,SUN,GKP,40,0.0012544254973622852
530,Nna Noukeu,SUN,GKP,39,0.0012544254973622852
315,Benda,FUL,GKP,40,0.0012544254973622852
533,Alese,SUN,DEF,40,0.0012544254973622852
534,Anderson,SUN,DEF,39,0.0012544254973622852
535,Cirkin,SUN,DEF,40,0.0012544254973622852
536,Hjelde,SUN,DEF,40,0.0012544254973622852
537,Huggins,SUN,DEF,40,0.0012544254973622852
214,Trésor,BUR,MID,44,0.0012544254973622852
539,O'Nien,SUN,DEF,40,0.0012544254973622852
540,Pembele,SUN,DEF,39,0.0012544254973622852
542,Seelt,SUN,DEF,40,0.0012544254973622852
544,Diarra,SUN,MID,53,0.0012544254973622852
545,Roberts,SUN,MID,54,0.0012544254973622852
546,Aleksić,SUN,MID,49,0.0012544254973622852
313,Sherif,EVE,FWD,44,0.0012544254973622852
520,O'Brien,NFO,MID,50,0.0012544254973622852
518,Jota,NFO,MID,54,0.0012544254973622852
550,Poveda,SUN,MID,48,0.0012544254973622852
334,Harris,FUL,MID,45,0.0012544254973622852
364,Mateo Joseph,LEE,FWD,50,0.0012544254973622852
363,Bamford,LEE,FWD,49,0.0012544254973622852
361,Gyabi,LEE,MID,45,0.0012544254973622852
360,Gelhardt,LEE,MID,45,0.0012544254973622852
359,Crew,LEE,MID,45,0.0012544254973622852
357,Ramazani,LEE,MID,49,0.0012544254973622852
355,Greenwood,LEE,MID,49,0.0012544254973622852
351,Gnonto,LEE,MID,52,0.0012544254973622852
349,Schmidt,LEE,DEF,40,0.0012544254973622852
346,Byram,LEE,DEF,39,0.0012544254973622852
345,Bornauw,LEE,DEF,39,0.0012544254973622852
503,C.Miguel,NFO,GKP,40,0.0012544254973622852
504,Turner,NFO,GKP,40,0.0012544254973622852
507,Aina,NFO,DEF,47,0.0012544254973622852
340,Cairns,LEE,GKP,40,0.0012544254973622852
509,David Carmo,NFO,DEF,45,0.0012544254973622852
512,O.Richards,NFO,DEF,45,0.0012544254973622852
513,Abbott,NFO,DEF,39,0.0012544254973622852
514,Boly,NFO,DEF,39,0.0012544254973622852
339,Meslier,LEE,GKP,43,0.0012544254973622852
336,Reed,FUL,MID,44,0.0012544254973622852
548,Mundle,SUN,MID,49,0.0012544254973622852
538,Johnson,SUN,DEF,39,0.0012544254973622852
604,Emerson,WHU,DEF,44,0.0012544254973622852
288,Travers,EVE,GKP,44,0.0012544254973622852
216,Amdouni,BUR,FWD,48,0.0012544254973622852
305,Armstrong,EVE,MID,45,0.0012544254973622852
298,Welch,EVE,DEF,39,0.0012544254973622852
297,Dixon,EVE,DEF,39,0.0012544254973622852
296,Patterson,EVE,DEF,44,0.0012544254973622852
290,Branthwaite,EVE,DEF,53,0.0012544254973622852
289,Tyrer,EVE,GKP,40,0.0012544254973622852
622,Orford,WHU,MID,44,0.0012544254973622852
307,Ebere,EVE,MID,44,0.0012544254973622852
620,Earthy,WHU,MID,45,0.0012544254973622852
601,Foderingham,WHU,GKP,40,0.0012544254973622852
602,Hegyi,WHU,GKP,40,0.0012544254973622852
219,Obafemi,BUR,FWD,44,0.0012544254973622852
617,Cornet,WHU,MID,49,0.0012544254973622852
607,N.Aguerd,WHU,DEF,44,0.0012544254973622852
616,Álvarez,WHU,MID,49,0.0012544254973622852
611,Casey,WHU,DEF,40,0.0012544254973622852
306,Bates,EVE,MID,44,0.0012544254973622852
556,Ekwah,SUN,MID,45,0.0012544254973622852
554,Ba,SUN,MID,43,0.0012544254973622852
563,Luís Hemir,SUN,FWD,44,0.0012544254973622852
562,Abdullahi,SUN,FWD,43,0.0012544254973622852
308,Heath,EVE,MID,45,0.0012544254973622852
309,Metcalfe,EVE,MID,45,0.0012544254973622852
559,Triantis,SUN,MID,44,0.0012544254973622852
558,Matete,SUN,MID,44,0.0012544254973622852
557,H.Jones,SUN,MID,44,0.0012544254973622852
564,Rusyn,SUN,FWD,44,0.0012544254973622852
555,Browne,SUN,MID,45,0.0012544254973622852
312,Y.Chermiti,EVE,FWD,49,0.0012544254973622852
17,Ødegaard,ARS,MID,78,0.0012419975865163772
371,Kerkez,LIV,DEF,57,0.0008416691442235865
551,Rigg,SUN,MID,48,0.00014231316770580267
116,Hickey,BRE,DEF,40,0.00013969576779232327
718,S.Magassa,WHU,MID,50,9.531309442244075e-05
625,Füllkrug,WHU,FWD,56,-9.627866889243364e-06
473,Hall,NEW,DEF,52,-7.621974882200738e-05
44,Bogarde,AVL,DEF,40,-0.0001272842805628107
385,Chiesa,LIV,MID,64,-0.0002534024818882639
606,Mavropanos,WHU,DEF,44,-0.0014718496213253862
383,Luis Díaz,LIV,MID,80,-0.0015386624800326112
162,Gruda,BHA,MID,54,-0.0016775670706893767
635,R.Gomes,WOL,DEF,45,-0.0017761457045413172
343,Struijk,LEE,DEF,44,-0.001938612127790302
511,Morato,NFO,DEF,44,-0.0021188985165466337
510,Jair Cunha,NFO,DEF,43,-0.002318889440893365
632,Doherty,WOL,DEF,44,-0.0033177241464509137
424,Bobb,MCI,MID,54,-0.004030003800955501
388,C.Jones,LIV,MID,54,-0.004149799712776054
442,Maguire,MUN,DEF,44,-0.004179003056046815
579,Son,TOT,MID,85,-0.0045432984668465175
405,Aké,MCI,DEF,53,-0.005061206526273485
190,Ekdal,BUR,DEF,40,-0.005838947115512916
693,Hutchinson,NFO,MID,54,-0.006004040162067417
321,J.Cuenca,FUL,DEF,44,-0.006824172376475328
682,Møller Wolfe,WOL,DEF,44,-0.006978961627397787
341,Darlow,LEE,GKP,40,-0.009403697159688655
455,Mount,MUN,MID,59,-0.011250652008171566
478,Trippier,NEW,DEF,50,-0.01660160077449891
584,Tel,TOT,MID,63,-0.026569289437718715
52,J.Ramsey,NEW,MID,53,-0.02881838483867696
217,Foster,BUR,FWD,50,-0.03420121990242298
233,Acheampong,CHE,DEF,39,-0.048538711437282056
637,Toti,WOL,DEF,43,-0.09109833603420393
310,Barry,EVE,FWD,57,-0.6098050514208714
479,Krafth,NEW,DEF,44,-0.9478945423908575
631,Agbadou,WOL,DEF,43,-1.495414104117347
634,Mosquera,WOL,DEF,44,-1.7888832758831972
