name,position,team,element,team_id,position_id,GW,value,minutes,goals_scored,assists,clean_sheets,goals_conceded,saves,bps,bonus,yellow_cards,red_cards,penalties_saved,penalties_missed,total_points,was_home,opponent_team,fixture_id,team_h_score,team_a_score,kickoff_time,strength_overall_home,strength_overall_away,strength_attack_home,strength_attack_away,strength_defence_home,strength_defence_away
Raya,GKP,ARS,1,1,1,15,60,90,0,0,0,2,4,13,0,0,0,0,0,2,,,141,2,1,2025-12-06T12:30:00Z,1300,1375,1340,1400,1260,1350
Arrizabalaga,GKP,ARS,2,1,1,15,41,0,0,0,0,0,0,0,0,0,0,0,0,0,,,141,2,1,2025-12-06T12:30:00Z,1300,1375,1340,1400,1260,1350
Hein,GKP,ARS,3,1,1,15,40,0,0,0,0,0,0,0,0,0,0,0,0,0,,,141,2,1,2025-12-06T12:30:00Z,1300,1375,1340,1400,1260,1350
Setford,GKP,ARS,4,1,1,15,39,0,0,0,0,0,0,0,0,0,0,0,0,0,,,141,2,1,2025-12-06T12:30:00Z,1300,1375,1340,1400,1260,1350
Gabriel,DEF,ARS,5,1,2,15,62,0,0,0,0,0,0,0,0,0,0,0,0,0,,,141,2,1,2025-12-06T12:30:00Z,1300,1375,1340,1400,1260,1350
Saliba,DEF,ARS,6,1,2,15,59,0,0,0,0,0,0,0,0,0,0,0,0,0,,,141,2,1,2025-12-06T12:30:00Z,1300,1375,1340,1400,1260,1350
Calafiori,DEF,ARS,7,1,2,15,57,85,0,0,0,1,0,2,0,1,0,0,0,1,,,141,2,1,2025-12-06T12:30:00Z,1300,1375,1340,1400,1260,1350
J.Timber,DEF,ARS,8,1,2,15,65,90,0,0,0,2,0,7,0,0,0,0,0,3,,,141,2,1,2025-12-06T12:30:00Z,1300,1375,1340,1400,1260,1350
Kiwior,DEF,ARS,9,1,2,15,54,0,0,0,0,0,0,0,0,0,0,0,0,0,,,141,2,1,2025-12-06T12:30:00Z,1300,1375,1340,1400,1260,1350
Lewis-Skelly,DEF,ARS,10,1,2,15,51,4,0,0,0,1,0,-1,0,0,0,0,0,1,,,141,2,1,2025-12-06T12:30:00Z,1300,1375,1340,1400,1260,1350
White,DEF,ARS,11,1,2,15,52,90,0,0,0,2,0,18,0,0,0,0,0,1,,,141,2,1,2025-12-06T12:30:00Z,1300,1375,1340,1400,1260,1350
Zinchenko,DEF,NFO,12,16,2,15,49,0,0,0,0,0,0,0,0,0,0,0,0,0,,,144,3,0,2025-12-06T15:00:00Z,1100,1130,1100,1110,1100,1150
Clarke,DEF,ARS,13,1,2,15,38,0,0,0,0,0,0,0,0,0,0,0,0,0,,,141,2,1,2025-12-06T12:30:00Z,1300,1375,1340,1400,1260,1350
Kacurri,DEF,ARS,14,1,2,15,39,0,0,0,0,0,0,0,0,0,0,0,0,0,,,141,2,1,2025-12-06T12:30:00Z,1300,1375,1340,1400,1260,1350
Nichols,DEF,ARS,15,1,2,15,38,0,0,0,0,0,0,0,0,0,0,0,0,0,,,141,2,1,2025-12-06T12:30:00Z,1300,1375,1340,1400,1260,1350
Saka,MID,ARS,16,1,3,15,103,78,0,1,0,1,0,18,0,1,0,0,0,4,,,141,2,1,2025-12-06T12:30:00Z,1300,1375,1340,1400,1260,1350
Ødegaard,MID,ARS,17,1,3,15,78,90,0,0,0,2,0,21,0,0,0,0,0,2,,,141,2,1,2025-12-06T12:30:00Z,1300,1375,1340,1400,1260,1350
Madueke,MID,ARS,18,1,3,15,68,11,0,0,0,1,0,3,0,0,0,0,0,1,,,141,2,1,2025-12-06T12:30:00Z,1300,1375,1340,1400,1260,1350
Martinelli,MID,ARS,19,1,3,15,68,4,0,0,0,1,0,2,0,0,0,0,0,1,,,141,2,1,2025-12-06T12:30:00Z,1300,1375,1340,1400,1260,1350
Trossard,MID,ARS,20,1,3,15,69,40,1,0,0,0,0,23,0,0,0,0,0,6,,,141,2,1,2025-12-06T12:30:00Z,1300,1375,1340,1400,1260,1350
Rice,MID,ARS,21,1,3,15,72,90,0,0,0,2,0,30,2,0,0,0,0,6,,,141,2,1,2025-12-06T12:30:00Z,1300,1375,1340,1400,1260,1350
Merino,MID,ARS,22,1,3,15,59,45,0,0,0,1,0,4,0,0,0,0,0,1,,,141,2,1,2025-12-06T12:30:00Z,1300,1375,1340,1400,1260,1350
Fábio Vieira,MID,ARS,23,1,3,15,54,0,0,0,0,0,0,0,0,0,0,0,0,0,,,141,2,1,2025-12-06T12:30:00Z,1300,1375,1340,1400,1260,1350
Nørgaard,MID,ARS,24,1,3,15,52,0,0,0,0,0,0,0,0,0,0,0,0,0,,,141,2,1,2025-12-06T12:30:00Z,1300,1375,1340,1400,1260,1350
Nwaneri,MID,ARS,25,1,3,15,51,0,0,0,0,0,0,0,0,0,0,0,0,0,,,141,2,1,2025-12-06T12:30:00Z,1300,1375,1340,1400,1260,1350
Zubimendi,MID,ARS,26,1,3,15,52,90,0,0,0,2,0,14,0,0,0,0,0,2,,,141,2,1,2025-12-06T12:30:00Z,1300,1375,1340,1400,1260,1350
Nelson,MID,BRE,27,5,3,15,48,0,0,0,0,0,0,0,0,0,0,0,0,0,,,149,2,0,2025-12-06T15:00:00Z,1135,1175,1100,1110,1170,1240
Kabia,MID,ARS,28,1,3,15,45,0,0,0,0,0,0,0,0,0,0,0,0,0,,,141,2,1,2025-12-06T12:30:00Z,1300,1375,1340,1400,1260,1350
Sambi,MID,ARS,29,1,3,15,45,0,0,0,0,0,0,0,0,0,0,0,0,0,,,141,2,1,2025-12-06T12:30:00Z,1300,1375,1340,1400,1260,1350
Havertz,FWD,ARS,30,1,4,15,73,0,0,0,0,0,0,0,0,0,0,0,0,0,,,141,2,1,2025-12-06T12:30:00Z,1300,1375,1340,1400,1260,1350
G.Jesus,FWD,ARS,31,1,4,15,64,0,0,0,0,0,0,0,0,0,0,0,0,0,,,141,2,1,2025-12-06T12:30:00Z,1300,1375,1340,1400,1260,1350
Martinez,GKP,AVL,32,2,1,15,50,90,0,0,0,1,7,21,0,0,0,0,0,4,,,141,2,1,2025-12-06T12:30:00Z,1145,1185,1150,1170,1140,1200
M.Bizot,GKP,AVL,33,2,1,15,42,0,0,0,0,0,0,0,0,0,0,0,0,0,,,141,2,1,2025-12-06T12:30:00Z,1145,1185,1150,1170,1140,1200
Gauci,GKP,AVL,34,2,1,15,40,0,0,0,0,0,0,0,0,0,0,0,0,0,,,141,2,1,2025-12-06T12:30:00Z,1145,1185,1150,1170,1140,1200
Marschall,GKP,AVL,35,2,1,15,40,0,0,0,0,0,0,0,0,0,0,0,0,0,,,141,2,1,2025-12-06T12:30:00Z,1145,1185,1150,1170,1140,1200
Cash,DEF,AVL,36,2,2,15,49,86,1,0,0,1,0,24,1,0,0,0,0,9,,,141,2,1,2025-12-06T12:30:00Z,1145,1185,1150,1170,1140,1200
Digne,DEF,AVL,37,2,2,15,45,0,0,0,0,0,0,0,0,0,0,0,0,0,,,141,2,1,2025-12-06T12:30:00Z,1145,1185,1150,1170,1140,1200
Konsa,DEF,AVL,38,2,2,15,44,90,0,0,0,1,0,11,0,0,0,0,0,2,,,141,2,1,2025-12-06T12:30:00Z,1145,1185,1150,1170,1140,1200
Maatsen,DEF,AVL,39,2,2,15,42,90,0,0,0,1,0,7,0,0,0,0,0,2,,,141,2,1,2025-12-06T12:30:00Z,1145,1185,1150,1170,1140,1200
Mings,DEF,AVL,40,2,2,15,43,0,0,0,0,0,0,0,0,0,0,0,0,0,,,141,2,1,2025-12-06T12:30:00Z,1145,1185,1150,1170,1140,1200
Pau,DEF,AVL,41,2,2,15,43,85,0,1,0,1,0,17,0,0,0,0,0,5,,,141,2,1,2025-12-06T12:30:00Z,1145,1185,1150,1170,1140,1200
A.García,DEF,AVL,42,2,2,15,39,0,0,0,0,0,0,0,0,0,0,0,0,0,,,141,2,1,2025-12-06T12:30:00Z,1145,1185,1150,1170,1140,1200
Alex Moreno,DEF,AVL,43,2,2,15,40,0,0,0,0,0,0,0,0,0,0,0,0,0,,,141,2,1,2025-12-06T12:30:00Z,1145,1185,1150,1170,1140,1200
Bogarde,DEF,AVL,44,2,2,15,40,15,0,0,0,0,0,3,0,0,0,0,0,1,,,141,2,1,2025-12-06T12:30:00Z,1145,1185,1150,1170,1140,1200
Sousa,DEF,AVL,45,2,2,15,39,0,0,0,0,0,0,0,0,0,0,0,0,0,,,141,2,1,2025-12-06T12:30:00Z,1145,1185,1150,1170,1140,1200
Yasin,DEF,AVL,46,2,2,15,40,0,0,0,0,0,0,0,0,0,0,0,0,0,,,141,2,1,2025-12-06T12:30:00Z,1145,1185,1150,1170,1140,1200
Rogers,MID,AVL,47,2,3,15,73,90,0,0,0,1,0,12,0,0,0,0,0,2,,,141,2,1,2025-12-06T12:30:00Z,1145,1185,1150,1170,1140,1200
Tielemans,MID,AVL,48,2,3,15,59,90,0,0,0,1,0,13,0,0,0,0,0,2,,,141,2,1,2025-12-06T12:30:00Z,1145,1185,1150,1170,1140,1200
Bailey,MID,AVL,49,2,3,15,55,0,0,0,0,0,0,0,0,0,0,0,0,0,,,141,2,1,2025-12-06T12:30:00Z,1145,1185,1150,1170,1140,1200
Buendía,MID,AVL,50,2,3,15,53,3,1,0,0,0,0,22,0,0,0,0,0,6,,,141,2,1,2025-12-06T12:30:00Z,1145,1185,1150,1170,1140,1200
Iling Jr,MID,AVL,51,2,3,15,55,0,0,0,0,0,0,0,0,0,0,0,0,0,,,141,2,1,2025-12-06T12:30:00Z,1145,1185,1150,1170,1140,1200
J.Ramsey,MID,NEW,52,15,3,15,53,90,0,0,0,1,0,8,0,1,0,0,0,1,,,148,2,1,2025-12-06T15:00:00Z,1160,1220,1170,1180,1150,1260
Malen,MID,AVL,53,2,3,15,51,24,0,0,0,0,0,-3,0,0,0,0,0,1,,,141,2,1,2025-12-06T12:30:00Z,1145,1185,1150,1170,1140,1200
McGinn,MID,AVL,54,2,3,15,54,74,0,0,0,1,0,11,0,0,0,0,0,2,,,141,2,1,2025-12-06T12:30:00Z,1145,1185,1150,1170,1140,1200
Barkley,MID,AVL,55,2,3,15,48,0,0,0,0,0,0,0,0,0,0,0,0,0,,,141,2,1,2025-12-06T12:30:00Z,1145,1185,1150,1170,1140,1200
Barrenechea,MID,AVL,56,2,3,15,50,0,0,0,0,0,0,0,0,0,0,0,0,0,,,141,2,1,2025-12-06T12:30:00Z,1145,1185,1150,1170,1140,1200
Dobbin,MID,AVL,57,2,3,15,50,0,0,0,0,0,0,0,0,0,0,0,0,0,,,141,2,1,2025-12-06T12:30:00Z,1145,1185,1150,1170,1140,1200
Kamara,MID,AVL,58,2,3,15,49,90,0,1,0,1,0,37,3,0,0,0,0,10,,,141,2,1,2025-12-06T12:30:00Z,1145,1185,1150,1170,1140,1200
Onana,MID,AVL,59,2,3,15,48,74,0,0,0,1,0,5,0,0,0,0,0,2,,,141,2,1,2025-12-06T12:30:00Z,1145,1185,1150,1170,1140,1200
Broggio,MID,AVL,60,2,3,15,45,0,0,0,0,0,0,0,0,0,0,0,0,0,,,141,2,1,2025-12-06T12:30:00Z,1145,1185,1150,1170,1140,1200
Dendoncker,MID,AVL,61,2,3,15,45,0,0,0,0,0,0,0,0,0,0,0,0,0,,,141,2,1,2025-12-06T12:30:00Z,1145,1185,1150,1170,1140,1200
Jimoh-Aloba,MID,AVL,62,2,3,15,45,0,0,0,0,0,0,0,0,0,0,0,0,0,,,141,2,1,2025-12-06T12:30:00Z,1145,1185,1150,1170,1140,1200
Young,MID,AVL,63,2,3,15,43,0,0,0,0,0,0,0,0,0,0,0,0,0,,,141,2,1,2025-12-06T12:30:00Z,1145,1185,1150,1170,1140,1200
Watkins,FWD,AVL,64,2,4,15,85,65,0,0,0,1,0,8,0,0,0,0,0,2,,,141,2,1,2025-12-06T12:30:00Z,1145,1185,1150,1170,1140,1200
Redmond,FWD,AVL,65,2,4,15,45,0,0,0,0,0,0,0,0,0,0,0,0,0,,,141,2,1,2025-12-06T12:30:00Z,1145,1185,1150,1170,1140,1200
Neto,GKP,BOU,66,4,1,15,45,0,0,0,0,0,0,0,0,0,0,0,0,0,,,142,0,0,2025-12-06T15:00:00Z,1150,1220,1100,1240,1200,1200
Petrović,GKP,BOU,67,4,1,15,45,90,0,0,1,0,4,31,0,0,0,0,0,7,,,142,0,0,2025-12-06T15:00:00Z,1150,1220,1100,1240,1200,1200
Dennis,GKP,BOU,68,4,1,15,40,0,0,0,0,0,0,0,0,0,0,0,0,0,,,142,0,0,2025-12-06T15:00:00Z,1150,1220,1100,1240,1200,1200
McKenna,GKP,BOU,69,4,1,15,39,0,0,0,0,0,0,0,0,0,0,0,0,0,,,142,0,0,2025-12-06T15:00:00Z,1150,1220,1100,1240,1200,1200
Paulsen,GKP,BOU,70,4,1,15,40,0,0,0,0,0,0,0,0,0,0,0,0,0,,,142,0,0,2025-12-06T15:00:00Z,1150,1220,1100,1240,1200,1200
Zabarnyi,DEF,BOU,71,4,2,15,50,0,0,0,0,0,0,0,0,0,0,0,0,0,,,142,0,0,2025-12-06T15:00:00Z,1150,1220,1100,1240,1200,1200
Senesi,DEF,BOU,72,4,2,15,49,61,0,0,1,0,0,28,0,0,0,0,0,8,,,142,0,0,2025-12-06T15:00:00Z,1150,1220,1100,1240,1200,1200
Smith,DEF,BOU,73,4,2,15,44,90,0,0,1,0,0,23,0,0,0,0,0,6,,,142,0,0,2025-12-06T15:00:00Z,1150,1220,1100,1240,1200,1200
Truffert,DEF,BOU,74,4,2,15,45,90,0,0,1,0,0,31,0,0,0,0,0,6,,,142,0,0,2025-12-06T15:00:00Z,1150,1220,1100,1240,1200,1200
Akinmboni,DEF,BOU,75,4,2,15,38,0,0,0,0,0,0,0,0,0,0,0,0,0,,,142,0,0,2025-12-06T15:00:00Z,1150,1220,1100,1240,1200,1200
Bevan,DEF,BOU,76,4,2,15,39,0,0,0,0,0,0,0,0,0,0,0,0,0,,,142,0,0,2025-12-06T15:00:00Z,1150,1220,1100,1240,1200,1200
Hill,DEF,BOU,77,4,2,15,39,28,0,0,0,0,0,4,0,0,0,0,0,1,,,142,0,0,2025-12-06T15:00:00Z,1150,1220,1100,1240,1200,1200
J.Araujo,DEF,BOU,78,4,2,15,38,0,0,0,0,0,0,0,0,0,0,0,0,0,,,142,0,0,2025-12-06T15:00:00Z,1150,1220,1100,1240,1200,1200
Mepham,DEF,BOU,79,4,2,15,40,0,0,0,0,0,0,0,0,0,0,0,0,0,,,142,0,0,2025-12-06T15:00:00Z,1150,1220,1100,1240,1200,1200
Soler,DEF,BOU,80,4,2,15,40,0,0,0,0,0,0,0,0,0,0,0,0,0,,,142,0,0,2025-12-06T15:00:00Z,1150,1220,1100,1240,1200,1200
Kluivert,MID,BOU,81,4,3,15,70,73,0,0,1,0,0,7,0,0,0,0,0,3,,,142,0,0,2025-12-06T15:00:00Z,1150,1220,1100,1240,1200,1200
Semenyo,MID,BOU,82,4,3,15,77,90,0,0,1,0,0,14,0,0,0,0,0,3,,,142,0,0,2025-12-06T15:00:00Z,1150,1220,1100,1240,1200,1200
O.Dango,MID,BRE,83,5,3,15,59,87,0,0,0,2,0,15,0,0,0,0,0,4,,,149,2,0,2025-12-06T15:00:00Z,1135,1175,1100,1110,1170,1240
Tavernier,MID,BOU,84,4,3,15,56,90,0,0,1,0,0,15,0,0,0,0,0,5,,,142,0,0,2025-12-06T15:00:00Z,1150,1220,1100,1240,1200,1200
Adams,MID,BOU,85,4,3,15,50,0,0,0,0,0,0,0,0,0,0,0,0,0,,,142,0,0,2025-12-06T15:00:00Z,1150,1220,1100,1240,1200,1200
Brooks,MID,BOU,86,4,3,15,50,16,0,0,0,0,0,3,0,0,0,0,0,1,,,142,0,0,2025-12-06T15:00:00Z,1150,1220,1100,1240,1200,1200
Christie,MID,BOU,87,4,3,15,49,0,0,0,0,0,0,0,0,0,0,0,0,0,,,142,0,0,2025-12-06T15:00:00Z,1150,1220,1100,1240,1200,1200
Cook,MID,BOU,88,4,3,15,49,0,0,0,0,0,0,0,0,0,0,0,0,0,,,142,0,0,2025-12-06T15:00:00Z,1150,1220,1100,1240,1200,1200
Philip,MID,BOU,89,4,3,15,49,0,0,0,0,0,0,0,0,0,0,0,0,0,,,142,0,0,2025-12-06T15:00:00Z,1150,1220,1100,1240,1200,1200
Scott,MID,BOU,90,4,3,15,50,90,0,0,1,0,0,21,0,0,0,0,0,5,,,142,0,0,2025-12-06T15:00:00Z,1150,1220,1100,1240,1200,1200
Sinisterra,MID,BOU,91,4,3,15,50,0,0,0,0,0,0,0,0,0,0,0,0,0,,,142,0,0,2025-12-06T15:00:00Z,1150,1220,1100,1240,1200,1200
Faivre,MID,BOU,92,4,3,15,45,0,0,0,0,0,0,0,0,0,0,0,0,0,,,142,0,0,2025-12-06T15:00:00Z,1150,1220,1100,1240,1200,1200
H.Traorè,MID,BOU,93,4,3,15,45,0,0,0,0,0,0,0,0,0,0,0,0,0,,,142,0,0,2025-12-06T15:00:00Z,1150,1220,1100,1240,1200,1200
Sadi,MID,BOU,94,4,3,15,45,0,0,0,0,0,0,0,0,0,0,0,0,0,,,142,0,0,2025-12-06T15:00:00Z,1150,1220,1100,1240,1200,1200
Silcott-Duberry,MID,BOU,95,4,3,15,44,0,0,0,0,0,0,0,0,0,0,0,0,0,,,142,0,0,2025-12-06T15:00:00Z,1150,1220,1100,1240,1200,1200
Winterburn,MID,BOU,96,4,3,15,45,0,0,0,0,0,0,0,0,0,0,0,0,0,,,142,0,0,2025-12-06T15:00:00Z,1150,1220,1100,1240,1200,1200
Evanilson,FWD,BOU,97,4,4,15,70,86,0,0,1,0,0,-3,0,0,0,0,0,2,,,142,0,0,2025-12-06T15:00:00Z,1150,1220,1100,1240,1200,1200
Enes Ünal,FWD,BOU,98,4,4,15,54,3,0,0,0,0,0,1,0,0,0,0,0,1,,,142,0,0,2025-12-06T15:00:00Z,1150,1220,1100,1240,1200,1200
Adu-Adjei,FWD,BOU,99,4,4,15,44,0,0,0,0,0,0,0,0,0,0,0,0,0,,,142,0,0,2025-12-06T15:00:00Z,1150,1220,1100,1240,1200,1200
Kroupi.Jr,FWD,BOU,100,4,4,15,46,0,0,0,0,0,0,0,0,0,0,0,0,0,,,142,0,0,2025-12-06T15:00:00Z,1150,1220,1100,1240,1200,1200
Kelleher,GKP,BRE,101,5,1,15,45,90,0,0,0,2,5,14,0,0,0,0,0,2,,,149,2,0,2025-12-06T15:00:00Z,1135,1175,1100,1110,1170,1240
Balcombe,GKP,BRE,102,5,1,15,39,0,0,0,0,0,0,0,0,0,0,0,0,0,,,149,2,0,2025-12-06T15:00:00Z,1135,1175,1100,1110,1170,1240
Cox,GKP,BRE,103,5,1,15,39,0,0,0,0,0,0,0,0,0,0,0,0,0,,,149,2,0,2025-12-06T15:00:00Z,1135,1175,1100,1110,1170,1240
Eyestone,GKP,BRE,104,5,1,15,39,0,0,0,0,0,0,0,0,0,0,0,0,0,,,149,2,0,2025-12-06T15:00:00Z,1135,1175,1100,1110,1170,1240
Valdimarsson,GKP,BRE,105,5,1,15,39,0,0,0,0,0,0,0,0,0,0,0,0,0,,,149,2,0,2025-12-06T15:00:00Z,1135,1175,1100,1110,1170,1240
Collins,DEF,BRE,106,5,2,15,49,90,0,0,0,2,0,16,0,0,0,0,0,3,,,149,2,0,2025-12-06T15:00:00Z,1135,1175,1100,1110,1170,1240
Lewis-Potter,DEF,BRE,107,5,2,15,48,2,0,0,0,0,0,3,0,0,0,0,0,1,,,149,2,0,2025-12-06T15:00:00Z,1135,1175,1100,1110,1170,1240
Ajer,DEF,BRE,108,5,2,15,44,45,0,0,0,2,0,-7,0,1,0,0,0,-1,,,149,2,0,2025-12-06T15:00:00Z,1135,1175,1100,1110,1170,1240
Henry,DEF,BRE,109,5,2,15,43,45,0,0,0,0,0,4,0,0,0,0,0,1,,,149,2,0,2025-12-06T15:00:00Z,1135,1175,1100,1110,1170,1240
Kayode,DEF,BRE,110,5,2,15,45,75,0,0,0,2,0,11,0,1,0,0,0,0,,,149,2,0,2025-12-06T15:00:00Z,1135,1175,1100,1110,1170,1240
Pinnock,DEF,BRE,111,5,2,15,42,0,0,0,0,0,0,0,0,0,0,0,0,0,,,149,2,0,2025-12-06T15:00:00Z,1135,1175,1100,1110,1170,1240
Roerslev,DEF,BRE,112,5,2,15,45,0,0,0,0,0,0,0,0,0,0,0,0,0,,,149,2,0,2025-12-06T15:00:00Z,1135,1175,1100,1110,1170,1240
Van den Berg,DEF,BRE,113,5,2,15,45,90,0,0,0,2,0,3,0,0,0,0,0,1,,,149,2,0,2025-12-06T15:00:00Z,1135,1175,1100,1110,1170,1240
Arthur,DEF,BRE,114,5,2,15,39,0,0,0,0,0,0,0,0,0,0,0,0,0,,,149,2,0,2025-12-06T15:00:00Z,1135,1175,1100,1110,1170,1240
Fredrick,DEF,BRE,115,5,2,15,40,0,0,0,0,0,0,0,0,0,0,0,0,0,,,149,2,0,2025-12-06T15:00:00Z,1135,1175,1100,1110,1170,1240
Hickey,DEF,BRE,116,5,2,15,40,14,0,0,0,0,0,3,0,0,0,0,0,1,,,149,2,0,2025-12-06T15:00:00Z,1135,1175,1100,1110,1170,1240
Ji-soo,DEF,BRE,117,5,2,15,39,0,0,0,0,0,0,0,0,0,0,0,0,0,,,149,2,0,2025-12-06T15:00:00Z,1135,1175,1100,1110,1170,1240
Meghoma,DEF,BRE,118,5,2,15,40,0,0,0,0,0,0,0,0,0,0,0,0,0,,,149,2,0,2025-12-06T15:00:00Z,1135,1175,1100,1110,1170,1240
Mbeumo,MID,MUN,119,14,3,15,81,90,1,0,0,1,0,32,2,1,0,0,0,8,,,150,1,4,2025-12-08T20:00:00Z,1135,1205,1100,1150,1170,1260
Schade,MID,BRE,120,5,3,15,70,90,0,0,0,2,0,6,0,1,0,0,0,1,,,149,2,0,2025-12-06T15:00:00Z,1135,1175,1100,1110,1170,1240
Damsgaard,MID,BRE,121,5,3,15,58,60,0,0,0,2,0,2,0,0,0,0,0,2,,,149,2,0,2025-12-06T15:00:00Z,1135,1175,1100,1110,1170,1240
Milambo,MID,BRE,122,5,3,15,52,0,0,0,0,0,0,0,0,0,0,0,0,0,,,149,2,0,2025-12-06T15:00:00Z,1135,1175,1100,1110,1170,1240
Carvalho,MID,BRE,123,5,3,15,47,0,0,0,0,0,0,0,0,0,0,0,0,0,,,149,2,0,2025-12-06T15:00:00Z,1135,1175,1100,1110,1170,1240
Henderson,MID,BRE,124,5,3,15,50,90,0,0,0,2,0,14,0,0,0,0,0,4,,,149,2,0,2025-12-06T15:00:00Z,1135,1175,1100,1110,1170,1240
Janelt,MID,BRE,125,5,3,15,49,14,0,0,0,0,0,5,0,0,0,0,0,1,,,149,2,0,2025-12-06T15:00:00Z,1135,1175,1100,1110,1170,1240
Jensen,MID,BRE,126,5,3,15,49,29,0,0,0,0,0,4,0,0,0,0,0,1,,,149,2,0,2025-12-06T15:00:00Z,1135,1175,1100,1110,1170,1240
Nunes,MID,BRE,127,5,3,15,49,0,0,0,0,0,0,0,0,0,0,0,0,0,,,149,2,0,2025-12-06T15:00:00Z,1135,1175,1100,1110,1170,1240
Onyeka,MID,BRE,128,5,3,15,48,0,0,0,0,0,0,0,0,0,0,0,0,0,,,149,2,0,2025-12-06T15:00:00Z,1135,1175,1100,1110,1170,1240
Yarmoliuk,MID,BRE,129,5,3,15,50,75,0,0,0,2,0,3,0,1,0,0,0,1,,,149,2,0,2025-12-06T15:00:00Z,1135,1175,1100,1110,1170,1240
Donovan,MID,BRE,130,5,3,15,44,0,0,0,0,0,0,0,0,0,0,0,0,0,,,149,2,0,2025-12-06T15:00:00Z,1135,1175,1100,1110,1170,1240
Konak,MID,BRE,131,5,3,15,43,0,0,0,0,0,0,0,0,0,0,0,0,0,,,149,2,0,2025-12-06T15:00:00Z,1135,1175,1100,1110,1170,1240
Maghoma,MID,BRE,132,5,3,15,45,0,0,0,0,0,0,0,0,0,0,0,0,0,,,149,2,0,2025-12-06T15:00:00Z,1135,1175,1100,1110,1170,1240
Peart-Harris,MID,BRE,133,5,3,15,44,0,0,0,0,0,0,0,0,0,0,0,0,0,,,149,2,0,2025-12-06T15:00:00Z,1135,1175,1100,1110,1170,1240
Trevitt,MID,BRE,134,5,3,15,45,0,0,0,0,0,0,0,0,0,0,0,0,0,,,149,2,0,2025-12-06T15:00:00Z,1135,1175,1100,1110,1170,1240
Wissa,FWD,NEW,135,15,4,15,73,16,0,0,0,1,0,2,0,0,0,0,0,1,,,148,2,1,2025-12-06T15:00:00Z,1160,1220,1170,1180,1150,1260
Thiago,FWD,BRE,136,5,4,15,70,90,0,0,0,2,0,4,0,0,0,0,0,2,,,149,2,0,2025-12-06T15:00:00Z,1135,1175,1100,1110,1170,1240
Morgan,FWD,BRE,137,5,4,15,44,0,0,0,0,0,0,0,0,0,0,0,0,0,,,149,2,0,2025-12-06T15:00:00Z,1135,1175,1100,1110,1170,1240
Steele,GKP,BHA,138,6,1,15,42,0,0,0,0,0,0,0,0,0,0,0,0,0,,,143,1,1,2025-12-07T14:00:00Z,1150,1160,1090,1110,1210,1210
Verbruggen,GKP,BHA,139,6,1,15,44,90,0,0,0,1,4,22,0,0,0,0,0,3,,,143,1,1,2025-12-07T14:00:00Z,1150,1160,1090,1110,1210,1210
McGill,GKP,BHA,140,6,1,15,39,0,0,0,0,0,0,0,0,0,0,0,0,0,,,143,1,1,2025-12-07T14:00:00Z,1150,1160,1090,1110,1210,1210
Rushworth,GKP,BHA,141,6,1,15,40,0,0,0,0,0,0,0,0,0,0,0,0,0,,,143,1,1,2025-12-07T14:00:00Z,1150,1160,1090,1110,1210,1210
Scherpen,GKP,BHA,142,6,1,15,40,0,0,0,0,0,0,0,0,0,0,0,0,0,,,143,1,1,2025-12-07T14:00:00Z,1150,1160,1090,1110,1210,1210
Boscagli,DEF,BHA,143,6,2,15,42,7,0,0,0,0,0,4,0,0,0,0,0,1,,,143,1,1,2025-12-07T14:00:00Z,1150,1160,1090,1110,1210,1210
Coppola,DEF,BHA,144,6,2,15,42,0,0,0,0,0,0,0,0,0,0,0,0,0,,,143,1,1,2025-12-07T14:00:00Z,1150,1160,1090,1110,1210,1210
De Cuyper,DEF,BHA,145,6,2,15,43,71,0,0,1,0,0,35,2,0,0,0,0,8,,,143,1,1,2025-12-07T14:00:00Z,1150,1160,1090,1110,1210,1210
Dunk,DEF,BHA,146,6,2,15,45,90,0,0,0,1,0,14,0,1,0,0,0,1,,,143,1,1,2025-12-07T14:00:00Z,1150,1160,1090,1110,1210,1210
Estupiñan,DEF,BHA,147,6,2,15,45,0,0,0,0,0,0,0,0,0,0,0,0,0,,,143,1,1,2025-12-07T14:00:00Z,1150,1160,1090,1110,1210,1210
F.Kadıoğlu,DEF,BHA,148,6,2,15,44,82,0,0,0,1,0,6,0,1,0,0,0,1,,,143,1,1,2025-12-07T14:00:00Z,1150,1160,1090,1110,1210,1210
Igor,DEF,WHU,149,19,2,15,45,0,0,0,0,0,0,0,0,0,0,0,0,0,,,143,1,1,2025-12-07T14:00:00Z,1075,1075,1050,1050,1100,1100
Lamptey,DEF,BHA,150,6,2,15,44,0,0,0,0,0,0,0,0,0,0,0,0,0,,,143,1,1,2025-12-07T14:00:00Z,1150,1160,1090,1110,1210,1210
Van Hecke,DEF,BHA,151,6,2,15,46,90,0,1,0,1,0,23,0,0,0,0,0,5,,,143,1,1,2025-12-07T14:00:00Z,1150,1160,1090,1110,1210,1210
Veltman,DEF,BHA,152,6,2,15,43,0,0,0,0,0,0,0,0,0,0,0,0,0,,,143,1,1,2025-12-07T14:00:00Z,1150,1160,1090,1110,1210,1210
Webster,DEF,BHA,153,6,2,15,44,0,0,0,0,0,0,0,0,0,0,0,0,0,,,143,1,1,2025-12-07T14:00:00Z,1150,1160,1090,1110,1210,1210
Cashin,DEF,BHA,154,6,2,15,40,0,0,0,0,0,0,0,0,0,0,0,0,0,,,143,1,1,2025-12-07T14:00:00Z,1150,1160,1090,1110,1210,1210
Slater,DEF,BHA,155,6,2,15,40,0,0,0,0,0,0,0,0,0,0,0,0,0,,,143,1,1,2025-12-07T14:00:00Z,1150,1160,1090,1110,1210,1210
Tasker,DEF,BHA,156,6,2,15,39,0,0,0,0,0,0,0,0,0,0,0,0,0,,,143,1,1,2025-12-07T14:00:00Z,1150,1160,1090,1110,1210,1210
Mitoma,MID,BHA,157,6,3,15,61,0,0,0,0,0,0,0,0,0,0,0,0,0,,,143,1,1,2025-12-07T14:00:00Z,1150,1160,1090,1110,1210,1210
Georginio,MID,BHA,158,6,3,15,56,90,1,0,0,1,0,33,1,0,0,0,0,8,,,143,1,1,2025-12-07T14:00:00Z,1150,1160,1090,1110,1210,1210
March,MID,BHA,159,6,3,15,58,0,0,0,0,0,0,0,0,0,0,0,0,0,,,143,1,1,2025-12-07T14:00:00Z,1150,1160,1090,1110,1210,1210
Minteh,MID,BHA,160,6,3,15,60,71,0,0,1,0,0,4,0,0,0,0,0,3,,,143,1,1,2025-12-07T14:00:00Z,1150,1160,1090,1110,1210,1210
Enciso,MID,BHA,161,6,3,15,54,0,0,0,0,0,0,0,0,0,0,0,0,0,,,143,1,1,2025-12-07T14:00:00Z,1150,1160,1090,1110,1210,1210
Gruda,MID,BHA,162,6,3,15,54,18,0,0,0,1,0,6,0,0,0,0,0,1,,,143,1,1,2025-12-07T14:00:00Z,1150,1160,1090,1110,1210,1210
Hinshelwood,MID,BHA,163,6,3,15,51,30,0,0,0,1,0,4,0,0,0,0,0,1,,,143,1,1,2025-12-07T14:00:00Z,1150,1160,1090,1110,1210,1210
O'Riley,MID,BHA,164,6,3,15,55,0,0,0,0,0,0,0,0,0,0,0,0,0,,,143,1,1,2025-12-07T14:00:00Z,1150,1160,1090,1110,1210,1210
Sima,MID,BHA,165,6,3,15,54,0,0,0,0,0,0,0,0,0,0,0,0,0,,,143,1,1,2025-12-07T14:00:00Z,1150,1160,1090,1110,1210,1210
Ayari,MID,BHA,166,6,3,15,48,0,0,0,0,0,0,0,0,0,0,0,0,0,,,143,1,1,2025-12-07T14:00:00Z,1150,1160,1090,1110,1210,1210
Baleba,MID,BHA,167,6,3,15,46,59,0,0,0,0,0,3,0,0,0,0,0,1,,,143,1,1,2025-12-07T14:00:00Z,1150,1160,1090,1110,1210,1210
Buonanotte,MID,CHE,168,7,3,15,46,0,0,0,0,0,0,0,0,0,0,0,0,0,,,142,0,0,2025-12-06T15:00:00Z,1180,1190,1140,1160,1220,1220
Gomez,MID,BHA,169,6,3,15,49,90,0,0,0,1,0,13,0,0,0,0,0,2,,,143,1,1,2025-12-07T14:00:00Z,1150,1160,1090,1110,1210,1210
Milner,MID,BHA,170,6,3,15,49,0,0,0,0,0,0,0,0,0,0,0,0,0,,,143,1,1,2025-12-07T14:00:00Z,1150,1160,1090,1110,1210,1210
Sarmiento,MID,BHA,171,6,3,15,49,0,0,0,0,0,0,0,0,0,0,0,0,0,,,143,1,1,2025-12-07T14:00:00Z,1150,1160,1090,1110,1210,1210
Watson,MID,BHA,172,6,3,15,48,0,0,0,0,0,0,0,0,0,0,0,0,0,,,143,1,1,2025-12-07T14:00:00Z,1150,1160,1090,1110,1210,1210
Wieffer,MID,BHA,173,6,3,15,49,90,0,0,0,1,0,9,0,0,0,0,0,2,,,143,1,1,2025-12-07T14:00:00Z,1150,1160,1090,1110,1210,1210
Yalcouye,MID,BHA,174,6,3,15,50,0,0,0,0,0,0,0,0,0,0,0,0,0,,,143,1,1,2025-12-07T14:00:00Z,1150,1160,1090,1110,1210,1210
Knight,MID,BHA,175,6,3,15,44,0,0,0,0,0,0,0,0,0,0,0,0,0,,,143,1,1,2025-12-07T14:00:00Z,1150,1160,1090,1110,1210,1210
Mazilu,MID,BHA,176,6,3,15,45,0,0,0,0,0,0,0,0,0,0,0,0,0,,,143,1,1,2025-12-07T14:00:00Z,1150,1160,1090,1110,1210,1210
Moran,MID,BHA,177,6,3,15,45,0,0,0,0,0,0,0,0,0,0,0,0,0,,,143,1,1,2025-12-07T14:00:00Z,1150,1160,1090,1110,1210,1210
Welbeck,FWD,BHA,178,6,4,15,64,90,0,0,0,1,0,4,0,0,0,0,0,2,,,143,1,1,2025-12-07T14:00:00Z,1150,1160,1090,1110,1210,1210
Ferguson,FWD,BHA,179,6,4,15,55,0,0,0,0,0,0,0,0,0,0,0,0,0,,,143,1,1,2025-12-07T14:00:00Z,1150,1160,1090,1110,1210,1210
Tzimas,FWD,BHA,180,6,4,15,52,0,0,0,0,0,0,0,0,0,0,0,0,0,,,143,1,1,2025-12-07T14:00:00Z,1150,1160,1090,1110,1210,1210
Kostoulas,FWD,BHA,181,6,4,15,48,18,0,0,0,1,0,2,0,0,0,0,0,1,,,143,1,1,2025-12-07T14:00:00Z,1150,1160,1090,1110,1210,1210
Trafford,GKP,MCI,182,13,1,15,46,0,0,0,0,0,0,0,0,0,0,0,0,0,,,147,3,0,2025-12-06T15:00:00Z,1250,1305,1210,1230,1290,1380
Weiss,GKP,BUR,183,3,1,15,43,0,0,0,0,0,0,0,0,0,0,0,0,0,,,148,2,1,2025-12-06T15:00:00Z,1055,1095,1010,1090,1100,1100
Green,GKP,BUR,184,3,1,15,40,0,0,0,0,0,0,0,0,0,0,0,0,0,,,148,2,1,2025-12-06T15:00:00Z,1055,1095,1010,1090,1100,1100
Hladký,GKP,BUR,185,3,1,15,39,0,0,0,0,0,0,0,0,0,0,0,0,0,,,148,2,1,2025-12-06T15:00:00Z,1055,1095,1010,1090,1100,1100
Roberts,DEF,BUR,186,3,2,15,44,0,0,0,0,0,0,0,0,0,0,0,0,0,,,148,2,1,2025-12-06T15:00:00Z,1055,1095,1010,1090,1100,1100
Walker,DEF,BUR,187,3,2,15,44,90,0,0,0,2,0,-5,0,1,0,0,0,0,,,148,2,1,2025-12-06T15:00:00Z,1055,1095,1010,1090,1100,1100
Delcroix,DEF,BUR,188,3,2,15,38,0,0,0,0,0,0,0,0,0,0,0,0,0,,,148,2,1,2025-12-06T15:00:00Z,1055,1095,1010,1090,1100,1100
Dodgson,DEF,BUR,189,3,2,15,40,0,0,0,0,0,0,0,0,0,0,0,0,0,,,148,2,1,2025-12-06T15:00:00Z,1055,1095,1010,1090,1100,1100
Ekdal,DEF,BUR,190,3,2,15,39,90,0,0,0,2,0,0,0,0,0,0,0,1,,,148,2,1,2025-12-06T15:00:00Z,1055,1095,1010,1090,1100,1100
Estève,DEF,BUR,191,3,2,15,39,90,0,0,0,2,0,6,0,0,0,0,0,3,,,148,2,1,2025-12-06T15:00:00Z,1055,1095,1010,1090,1100,1100
Hartman,DEF,BUR,192,3,2,15,40,0,0,0,0,0,0,0,0,0,0,0,0,0,,,148,2,1,2025-12-06T15:00:00Z,1055,1095,1010,1090,1100,1100
Humphreys,DEF,BUR,193,3,2,15,39,0,0,0,0,0,0,0,0,0,0,0,0,0,,,148,2,1,2025-12-06T15:00:00Z,1055,1095,1010,1090,1100,1100
Jordan,DEF,BUR,194,3,2,15,39,0,0,0,0,0,0,0,0,0,0,0,0,0,,,148,2,1,2025-12-06T15:00:00Z,1055,1095,1010,1090,1100,1100
Lucas Pires,DEF,BUR,195,3,2,15,38,42,0,0,0,2,0,-11,0,0,1,0,0,-3,,,148,2,1,2025-12-06T15:00:00Z,1055,1095,1010,1090,1100,1100
Sambo,DEF,BUR,196,3,2,15,40,0,0,0,0,0,0,0,0,0,0,0,0,0,,,148,2,1,2025-12-06T15:00:00Z,1055,1095,1010,1090,1100,1100
Sonne,DEF,BUR,197,3,2,15,38,0,0,0,0,0,0,0,0,0,0,0,0,0,,,148,2,1,2025-12-06T15:00:00Z,1055,1095,1010,1090,1100,1100
Tuanzebe,DEF,BUR,198,3,2,15,39,0,0,0,0,0,0,0,0,0,0,0,0,0,,,148,2,1,2025-12-06T15:00:00Z,1055,1095,1010,1090,1100,1100
Worrall,DEF,BUR,199,3,2,15,38,45,0,0,0,0,0,5,0,0,0,0,0,1,,,148,2,1,2025-12-06T15:00:00Z,1055,1095,1010,1090,1100,1100
Anthony,MID,BUR,200,3,3,15,52,4,0,0,0,0,0,3,0,0,0,0,0,1,,,148,2,1,2025-12-06T15:00:00Z,1055,1095,1010,1090,1100,1100
Benson,MID,BUR,201,3,3,15,54,0,0,0,0,0,0,0,0,0,0,0,0,0,,,148,2,1,2025-12-06T15:00:00Z,1055,1095,1010,1090,1100,1100
Bruun Larsen,MID,BUR,202,3,3,15,53,85,0,0,0,2,0,10,0,0,0,0,0,2,,,148,2,1,2025-12-06T15:00:00Z,1055,1095,1010,1090,1100,1100
Boateng,MID,BUR,203,3,3,15,47,0,0,0,0,0,0,0,0,0,0,0,0,0,,,148,2,1,2025-12-06T15:00:00Z,1055,1095,1010,1090,1100,1100
Churlinov,MID,BUR,204,3,3,15,49,0,0,0,0,0,0,0,0,0,0,0,0,0,,,148,2,1,2025-12-06T15:00:00Z,1055,1095,1010,1090,1100,1100
Cullen,MID,BUR,205,3,3,15,50,90,0,0,0,2,0,17,0,0,0,0,0,2,,,148,2,1,2025-12-06T15:00:00Z,1055,1095,1010,1090,1100,1100
Edwards,MID,BUR,206,3,3,15,47,1,0,0,0,0,0,8,0,0,0,0,0,1,,,148,2,1,2025-12-06T15:00:00Z,1055,1095,1010,1090,1100,1100
Hannibal,MID,BUR,207,3,3,15,48,0,0,0,0,0,0,0,0,0,0,0,0,0,,,148,2,1,2025-12-06T15:00:00Z,1055,1095,1010,1090,1100,1100
Koleosho,MID,BUR,208,3,3,15,50,0,0,0,0,0,0,0,0,0,0,0,0,0,,,148,2,1,2025-12-06T15:00:00Z,1055,1095,1010,1090,1100,1100
Laurent,MID,BUR,209,3,3,15,48,25,0,0,0,0,0,3,0,1,0,0,0,0,,,148,2,1,2025-12-06T15:00:00Z,1055,1095,1010,1090,1100,1100
Tchaouna,MID,BUR,210,3,3,15,49,0,0,0,0,0,0,0,0,0,0,0,0,0,,,148,2,1,2025-12-06T15:00:00Z,1055,1095,1010,1090,1100,1100
A.Ramsey,MID,BUR,211,3,3,15,44,0,0,0,0,0,0,0,0,0,0,0,0,0,,,148,2,1,2025-12-06T15:00:00Z,1055,1095,1010,1090,1100,1100
Adewumi,MID,BUR,212,3,3,15,45,0,0,0,0,0,0,0,0,0,0,0,0,0,,,148,2,1,2025-12-06T15:00:00Z,1055,1095,1010,1090,1100,1100
Banel,MID,BUR,213,3,3,15,45,0,0,0,0,0,0,0,0,0,0,0,0,0,,,148,2,1,2025-12-06T15:00:00Z,1055,1095,1010,1090,1100,1100
Trésor,MID,BUR,214,3,3,15,44,0,0,0,0,0,0,0,0,0,0,0,0,0,,,148,2,1,2025-12-06T15:00:00Z,1055,1095,1010,1090,1100,1100
Flemming,FWD,BUR,215,3,4,15,53,4,1,0,0,0,0,14,0,0,0,0,0,5,,,148,2,1,2025-12-06T15:00:00Z,1055,1095,1010,1090,1100,1100
Amdouni,FWD,BUR,216,3,4,15,48,0,0,0,0,0,0,0,0,0,0,0,0,0,,,148,2,1,2025-12-06T15:00:00Z,1055,1095,1010,1090,1100,1100
Foster,FWD,BUR,217,3,4,15,49,45,0,0,0,2,0,2,0,0,0,0,0,1,,,148,2,1,2025-12-06T15:00:00Z,1055,1095,1010,1090,1100,1100
Barnes,FWD,BUR,218,3,4,15,43,0,0,0,0,0,0,0,0,0,0,0,0,0,,,148,2,1,2025-12-06T15:00:00Z,1055,1095,1010,1090,1100,1100
Obafemi,FWD,BUR,219,3,4,15,44,0,0,0,0,0,0,0,0,0,0,0,0,0,,,148,2,1,2025-12-06T15:00:00Z,1055,1095,1010,1090,1100,1100
Sánchez,GKP,CHE,220,7,1,15,49,90,0,0,1,0,5,35,3,0,0,0,0,10,,,142,0,0,2025-12-06T15:00:00Z,1180,1190,1140,1160,1220,1220
Jörgensen,GKP,CHE,221,7,1,15,43,0,0,0,0,0,0,0,0,0,0,0,0,0,,,142,0,0,2025-12-06T15:00:00Z,1180,1190,1140,1160,1220,1220
Penders,GKP,CHE,222,7,1,15,40,0,0,0,0,0,0,0,0,0,0,0,0,0,,,142,0,0,2025-12-06T15:00:00Z,1180,1190,1140,1160,1220,1220
Slonina,GKP,CHE,223,7,1,15,39,0,0,0,0,0,0,0,0,0,0,0,0,0,,,142,0,0,2025-12-06T15:00:00Z,1180,1190,1140,1160,1220,1220
Cucurella,DEF,CHE,224,7,2,15,62,90,0,0,1,0,0,25,0,0,0,0,0,6,,,142,0,0,2025-12-06T15:00:00Z,1180,1190,1140,1160,1220,1220
James,DEF,CHE,225,7,2,15,56,90,0,0,1,0,0,22,0,0,0,0,0,6,,,142,0,0,2025-12-06T15:00:00Z,1180,1190,1140,1160,1220,1220
Chalobah,DEF,CHE,226,7,2,15,55,90,0,0,1,0,0,35,3,0,0,0,0,11,,,142,0,0,2025-12-06T15:00:00Z,1180,1190,1140,1160,1220,1220
Colwill,DEF,CHE,227,7,2,15,48,0,0,0,0,0,0,0,0,0,0,0,0,0,,,142,0,0,2025-12-06T15:00:00Z,1180,1190,1140,1160,1220,1220
Gusto,DEF,CHE,228,7,2,15,50,90,0,0,1,0,0,32,1,0,0,0,0,7,,,142,0,0,2025-12-06T15:00:00Z,1180,1190,1140,1160,1220,1220
B.Badiashile,DEF,CHE,229,7,2,15,44,0,0,0,0,0,0,0,0,0,0,0,0,0,,,142,0,0,2025-12-06T15:00:00Z,1180,1190,1140,1160,1220,1220
Fofana,DEF,CHE,230,7,2,15,44,90,0,0,1,0,0,32,1,0,0,0,0,9,,,142,0,0,2025-12-06T15:00:00Z,1180,1190,1140,1160,1220,1220
M.Sarr,DEF,CHE,231,7,2,15,45,0,0,0,0,0,0,0,0,0,0,0,0,0,,,142,0,0,2025-12-06T15:00:00Z,1180,1190,1140,1160,1220,1220
Tosin,DEF,CHE,232,7,2,15,41,0,0,0,0,0,0,0,0,0,0,0,0,0,,,142,0,0,2025-12-06T15:00:00Z,1180,1190,1140,1160,1220,1220
Acheampong,DEF,CHE,233,7,2,15,38,0,0,0,0,0,0,0,0,0,0,0,0,0,,,142,0,0,2025-12-06T15:00:00Z,1180,1190,1140,1160,1220,1220
Anselmino,DEF,CHE,234,7,2,15,40,0,0,0,0,0,0,0,0,0,0,0,0,0,,,142,0,0,2025-12-06T15:00:00Z,1180,1190,1140,1160,1220,1220
Palmer,MID,CHE,235,7,3,15,104,57,0,0,0,0,0,12,0,0,0,0,0,1,,,142,0,0,2025-12-06T15:00:00Z,1180,1190,1140,1160,1220,1220
Neto,MID,CHE,236,7,3,15,73,90,0,0,1,0,0,15,0,1,0,0,0,2,,,142,0,0,2025-12-06T15:00:00Z,1180,1190,1140,1160,1220,1220
Enzo,MID,CHE,237,7,3,15,65,90,0,0,1,0,0,12,0,0,0,0,0,3,,,142,0,0,2025-12-06T15:00:00Z,1180,1190,1140,1160,1220,1220
Estêvão,MID,CHE,238,7,3,15,64,13,0,0,0,0,0,0,0,0,0,0,0,1,,,142,0,0,2025-12-06T15:00:00Z,1180,1190,1140,1160,1220,1220
Gittens,MID,CHE,239,7,3,15,60,0,0,0,0,0,0,0,0,0,0,0,0,0,,,142,0,0,2025-12-06T15:00:00Z,1180,1190,1140,1160,1220,1220
Nkunku,MID,CHE,240,7,3,15,59,0,0,0,0,0,0,0,0,0,0,0,0,0,,,142,0,0,2025-12-06T15:00:00Z,1180,1190,1140,1160,1220,1220
Caicedo,MID,CHE,241,7,3,15,57,0,0,0,0,0,0,0,0,0,0,0,0,0,,,142,0,0,2025-12-06T15:00:00Z,1180,1190,1140,1160,1220,1220
Dewsbury-Hall,MID,EVE,242,9,3,15,50,90,1,1,1,0,0,44,3,0,0,0,0,16,,,144,3,0,2025-12-06T15:00:00Z,1100,1130,1110,1130,1090,1130
George,MID,CHE,243,7,3,15,48,0,0,0,0,0,0,0,0,0,0,0,0,0,,,142,0,0,2025-12-06T15:00:00Z,1180,1190,1140,1160,1220,1220
Lavia,MID,CHE,244,7,3,15,49,0,0,0,0,0,0,0,0,0,0,0,0,0,,,142,0,0,2025-12-06T15:00:00Z,1180,1190,1140,1160,1220,1220
Mudryk,MID,CHE,245,7,3,15,49,0,0,0,0,0,0,0,0,0,0,0,0,0,,,142,0,0,2025-12-06T15:00:00Z,1180,1190,1140,1160,1220,1220
Andrey Santos,MID,CHE,246,7,3,15,45,0,0,0,0,0,0,0,0,0,0,0,0,0,,,142,0,0,2025-12-06T15:00:00Z,1180,1190,1140,1160,1220,1220
D.Essugo,MID,CHE,247,7,3,15,43,0,0,0,0,0,0,0,0,0,0,0,0,0,,,142,0,0,2025-12-06T15:00:00Z,1180,1190,1140,1160,1220,1220
Paez,MID,CHE,248,7,3,15,45,0,0,0,0,0,0,0,0,0,0,0,0,0,,,142,0,0,2025-12-06T15:00:00Z,1180,1190,1140,1160,1220,1220
João Pedro,FWD,CHE,249,7,4,15,72,32,0,0,0,0,0,7,0,0,0,0,0,1,,,142,0,0,2025-12-06T15:00:00Z,1180,1190,1140,1160,1220,1220
Delap,FWD,CHE,250,7,4,15,62,31,0,0,0,0,0,3,0,0,0,0,0,1,,,142,0,0,2025-12-06T15:00:00Z,1180,1190,1140,1160,1220,1220
N.Jackson,FWD,CHE,251,7,4,15,65,0,0,0,0,0,0,0,0,0,0,0,0,0,,,142,0,0,2025-12-06T15:00:00Z,1180,1190,1140,1160,1220,1220
Marc Guiu,FWD,CHE,252,7,4,15,43,58,0,0,0,0,0,2,0,1,0,0,0,0,,,142,0,0,2025-12-06T15:00:00Z,1180,1190,1140,1160,1220,1220
Henderson,GKP,CRY,253,8,1,15,51,90,0,0,0,1,3,14,0,0,0,0,0,3,,,145,1,2,2025-12-07T16:30:00Z,1165,1205,1150,1150,1180,1260
Benitez,GKP,CRY,254,8,1,15,40,0,0,0,0,0,0,0,0,0,0,0,0,0,,,145,1,2,2025-12-07T16:30:00Z,1165,1205,1150,1150,1180,1260
Matthews,GKP,CRY,255,8,1,15,39,0,0,0,0,0,0,0,0,0,0,0,0,0,,,145,1,2,2025-12-07T16:30:00Z,1165,1205,1150,1150,1180,1260
Muñoz,DEF,CRY,256,8,2,15,58,0,0,0,0,0,0,0,0,0,0,0,0,0,,,145,1,2,2025-12-07T16:30:00Z,1165,1205,1150,1150,1180,1260
Lacroix,DEF,CRY,257,8,2,15,52,90,0,0,0,1,0,9,0,0,0,0,0,2,,,145,1,2,2025-12-07T16:30:00Z,1165,1205,1150,1150,1180,1260
Mitchell,DEF,CRY,258,8,2,15,50,90,0,0,0,1,0,13,0,0,0,0,0,2,,,145,1,2,2025-12-07T16:30:00Z,1165,1205,1150,1150,1180,1260
Sosa,DEF,CRY,259,8,2,15,48,0,0,0,0,0,0,0,0,0,0,0,0,0,,,145,1,2,2025-12-07T16:30:00Z,1165,1205,1150,1150,1180,1260
Guéhi,DEF,CRY,260,8,2,15,53,90,1,0,0,1,0,28,0,0,0,0,0,8,,,145,1,2,2025-12-07T16:30:00Z,1165,1205,1150,1150,1180,1260
Richards,DEF,CRY,261,8,2,15,46,90,0,0,0,1,0,11,0,0,0,0,0,4,,,145,1,2,2025-12-07T16:30:00Z,1165,1205,1150,1150,1180,1260
Chadi Riad,DEF,CRY,262,8,2,15,40,0,0,0,0,0,0,0,0,0,0,0,0,0,,,145,1,2,2025-12-07T16:30:00Z,1165,1205,1150,1150,1180,1260
Clyne,DEF,CRY,263,8,2,15,38,76,0,0,0,1,0,10,0,0,0,0,0,2,,,145,1,2,2025-12-07T16:30:00Z,1165,1205,1150,1150,1180,1260
Holding,DEF,CRY,264,8,2,15,40,0,0,0,0,0,0,0,0,0,0,0,0,0,,,145,1,2,2025-12-07T16:30:00Z,1165,1205,1150,1150,1180,1260
Kporha,DEF,CRY,265,8,2,15,40,0,0,0,0,0,0,0,0,0,0,0,0,0,,,145,1,2,2025-12-07T16:30:00Z,1165,1205,1150,1150,1180,1260
Eze,MID,ARS,266,1,3,15,76,45,0,0,0,1,0,4,0,0,0,0,0,1,,,141,2,1,2025-12-06T12:30:00Z,1300,1375,1340,1400,1260,1350
Sarr,MID,CRY,267,8,3,15,64,0,0,0,0,0,0,0,0,0,0,0,0,0,,,145,1,2,2025-12-07T16:30:00Z,1165,1205,1150,1150,1180,1260
Doucouré,MID,CRY,268,8,3,15,49,0,0,0,0,0,0,0,0,0,0,0,0,0,,,145,1,2,2025-12-07T16:30:00Z,1165,1205,1150,1150,1180,1260
Esse,MID,CRY,269,8,3,15,47,0,0,0,0,0,0,0,0,0,0,0,0,0,,,145,1,2,2025-12-07T16:30:00Z,1165,1205,1150,1150,1180,1260
Hughes,MID,CRY,270,8,3,15,47,0,0,0,0,0,0,0,0,0,0,0,0,0,,,145,1,2,2025-12-07T16:30:00Z,1165,1205,1150,1150,1180,1260
Kamada,MID,CRY,271,8,3,15,50,90,0,0,0,1,0,16,0,0,0,0,0,2,,,145,1,2,2025-12-07T16:30:00Z,1165,1205,1150,1150,1180,1260
Lerma,MID,CRY,272,8,3,15,49,25,0,0,0,0,0,5,0,0,0,0,0,1,,,145,1,2,2025-12-07T16:30:00Z,1165,1205,1150,1150,1180,1260
Wharton,MID,CRY,273,8,3,15,50,90,0,1,0,1,0,33,2,0,0,0,0,9,,,145,1,2,2025-12-07T16:30:00Z,1165,1205,1150,1150,1180,1260
Agbinone,MID,CRY,274,8,3,15,43,0,0,0,0,0,0,0,0,0,0,0,0,0,,,145,1,2,2025-12-07T16:30:00Z,1165,1205,1150,1150,1180,1260
Ahamada,MID,CRY,275,8,3,15,43,0,0,0,0,0,0,0,0,0,0,0,0,0,,,145,1,2,2025-12-07T16:30:00Z,1165,1205,1150,1150,1180,1260
Devenny,MID,CRY,276,8,3,15,43,1,0,0,0,0,0,2,0,0,0,0,0,1,,,145,1,2,2025-12-07T16:30:00Z,1165,1205,1150,1150,1180,1260
Ebiowei,MID,CRY,277,8,3,15,45,0,0,0,0,0,0,0,0,0,0,0,0,0,,,145,1,2,2025-12-07T16:30:00Z,1165,1205,1150,1150,1180,1260
J.Rak-Sakyi,MID,CRY,278,8,3,15,44,0,0,0,0,0,0,0,0,0,0,0,0,0,,,145,1,2,2025-12-07T16:30:00Z,1165,1205,1150,1150,1180,1260
M.França,MID,CRY,279,8,3,15,45,0,0,0,0,0,0,0,0,0,0,0,0,0,,,145,1,2,2025-12-07T16:30:00Z,1165,1205,1150,1150,1180,1260
Ozoh,MID,CRY,280,8,3,15,45,0,0,0,0,0,0,0,0,0,0,0,0,0,,,145,1,2,2025-12-07T16:30:00Z,1165,1205,1150,1150,1180,1260
Rodney,MID,CRY,281,8,3,15,44,0,0,0,0,0,0,0,0,0,0,0,0,0,,,145,1,2,2025-12-07T16:30:00Z,1165,1205,1150,1150,1180,1260
Umeh,MID,CRY,282,8,3,15,45,0,0,0,0,0,0,0,0,0,0,0,0,0,,,145,1,2,2025-12-07T16:30:00Z,1165,1205,1150,1150,1180,1260
Mateta,FWD,CRY,283,8,4,15,77,65,0,0,0,1,0,4,0,0,0,0,0,2,,,145,1,2,2025-12-07T16:30:00Z,1165,1205,1150,1150,1180,1260
Nketiah,FWD,CRY,284,8,4,15,54,64,1,0,0,1,0,34,3,0,0,0,0,9,,,145,1,2,2025-12-07T16:30:00Z,1165,1205,1150,1150,1180,1260
Édouard,FWD,CRY,285,8,4,15,50,0,0,0,0,0,0,0,0,0,0,0,0,0,,,145,1,2,2025-12-07T16:30:00Z,1165,1205,1150,1150,1180,1260
Marsh,FWD,CRY,286,8,4,15,45,0,0,0,0,0,0,0,0,0,0,0,0,0,,,145,1,2,2025-12-07T16:30:00Z,1165,1205,1150,1150,1180,1260
Pickford,GKP,EVE,287,9,1,15,55,90,0,0,1,0,2,27,0,0,0,0,0,6,,,144,3,0,2025-12-06T15:00:00Z,1100,1130,1110,1130,1090,1130
Travers,GKP,EVE,288,9,1,15,43,0,0,0,0,0,0,0,0,0,0,0,0,0,,,144,3,0,2025-12-06T15:00:00Z,1100,1130,1110,1130,1090,1130
Tyrer,GKP,EVE,289,9,1,15,39,0,0,0,0,0,0,0,0,0,0,0,0,0,,,144,3,0,2025-12-06T15:00:00Z,1100,1130,1110,1130,1090,1130
Branthwaite,DEF,EVE,290,9,2,15,53,0,0,0,0,0,0,0,0,0,0,0,0,0,,,144,3,0,2025-12-06T15:00:00Z,1100,1130,1110,1130,1090,1130
Tarkowski,DEF,EVE,291,9,2,15,55,90,0,0,1,0,0,29,2,1,0,0,0,9,,,144,3,0,2025-12-06T15:00:00Z,1100,1130,1110,1130,1090,1130
Mykolenko,DEF,EVE,292,9,2,15,49,90,0,0,1,0,0,27,0,1,0,0,0,5,,,144,3,0,2025-12-06T15:00:00Z,1100,1130,1110,1130,1090,1130
O'Brien,DEF,EVE,293,9,2,15,49,90,0,1,1,0,0,27,0,1,0,0,0,8,,,144,3,0,2025-12-06T15:00:00Z,1100,1130,1110,1130,1090,1130
Coleman,DEF,EVE,294,9,2,15,42,0,0,0,0,0,0,0,0,0,0,0,0,0,,,144,3,0,2025-12-06T15:00:00Z,1100,1130,1110,1130,1090,1130
Keane,DEF,EVE,295,9,2,15,47,90,0,0,1,0,0,28,1,0,0,0,0,9,,,144,3,0,2025-12-06T15:00:00Z,1100,1130,1110,1130,1090,1130
Patterson,DEF,EVE,296,9,2,15,44,0,0,0,0,0,0,0,0,0,0,0,0,0,,,144,3,0,2025-12-06T15:00:00Z,1100,1130,1110,1130,1090,1130
Dixon,DEF,EVE,297,9,2,15,38,0,0,0,0,0,0,0,0,0,0,0,0,0,,,144,3,0,2025-12-06T15:00:00Z,1100,1130,1110,1130,1090,1130
Welch,DEF,EVE,298,9,2,15,38,0,0,0,0,0,0,0,0,0,0,0,0,0,,,144,3,0,2025-12-06T15:00:00Z,1100,1130,1110,1130,1090,1130
Ndiaye,MID,EVE,299,9,3,15,62,90,0,1,1,0,0,25,0,0,0,0,0,8,,,144,3,0,2025-12-06T15:00:00Z,1100,1130,1110,1130,1090,1130
McNeil,MID,EVE,300,9,3,15,55,17,0,0,0,0,0,4,0,0,0,0,0,1,,,144,3,0,2025-12-06T15:00:00Z,1100,1130,1110,1130,1090,1130
Alcaraz,MID,EVE,301,9,3,15,52,72,0,0,1,0,0,4,0,0,0,0,0,3,,,144,3,0,2025-12-06T15:00:00Z,1100,1130,1110,1130,1090,1130
Gana,MID,EVE,302,9,3,15,54,0,0,0,0,0,0,0,0,0,0,0,0,0,,,144,3,0,2025-12-06T15:00:00Z,1100,1130,1110,1130,1090,1130
Garner,MID,EVE,303,9,3,15,50,90,0,0,1,0,0,19,0,0,0,0,0,3,,,144,3,0,2025-12-06T15:00:00Z,1100,1130,1110,1130,1090,1130
Iroegbunam,MID,EVE,304,9,3,15,48,0,0,0,0,0,0,0,0,0,0,0,0,0,,,144,3,0,2025-12-06T15:00:00Z,1100,1130,1110,1130,1090,1130
Armstrong,MID,EVE,305,9,3,15,45,0,0,0,0,0,0,0,0,0,0,0,0,0,,,144,3,0,2025-12-06T15:00:00Z,1100,1130,1110,1130,1090,1130
Bates,MID,EVE,306,9,3,15,43,0,0,0,0,0,0,0,0,0,0,0,0,0,,,144,3,0,2025-12-06T15:00:00Z,1100,1130,1110,1130,1090,1130
Ebere,MID,EVE,307,9,3,15,44,0,0,0,0,0,0,0,0,0,0,0,0,0,,,144,3,0,2025-12-06T15:00:00Z,1100,1130,1110,1130,1090,1130
Heath,MID,EVE,308,9,3,15,45,0,0,0,0,0,0,0,0,0,0,0,0,0,,,144,3,0,2025-12-06T15:00:00Z,1100,1130,1110,1130,1090,1130
Metcalfe,MID,EVE,309,9,3,15,45,0,0,0,0,0,0,0,0,0,0,0,0,0,,,144,3,0,2025-12-06T15:00:00Z,1100,1130,1110,1130,1090,1130
Barry,FWD,EVE,310,9,4,15,57,61,1,0,1,0,0,23,0,1,0,0,0,5,,,144,3,0,2025-12-06T15:00:00Z,1100,1130,1110,1130,1090,1130
Beto,FWD,EVE,311,9,4,15,50,28,0,0,0,0,0,1,0,0,0,0,0,1,,,144,3,0,2025-12-06T15:00:00Z,1100,1130,1110,1130,1090,1130
Y.Chermiti,FWD,EVE,312,9,4,15,49,0,0,0,0,0,0,0,0,0,0,0,0,0,,,144,3,0,2025-12-06T15:00:00Z,1100,1130,1110,1130,1090,1130
Sherif,FWD,EVE,313,9,4,15,44,0,0,0,0,0,0,0,0,0,0,0,0,0,,,144,3,0,2025-12-06T15:00:00Z,1100,1130,1110,1130,1090,1130
Leno,GKP,FUL,314,10,1,15,49,90,0,0,0,2,3,8,0,0,0,0,0,2,,,145,1,2,2025-12-07T16:30:00Z,1090,1130,1080,1140,1100,1120
Benda,GKP,FUL,315,10,1,15,40,0,0,0,0,0,0,0,0,0,0,0,0,0,,,145,1,2,2025-12-07T16:30:00Z,1090,1130,1080,1140,1100,1120
Robinson,DEF,FUL,316,10,2,15,49,0,0,0,0,0,0,0,0,0,0,0,0,0,,,145,1,2,2025-12-07T16:30:00Z,1090,1130,1080,1140,1100,1120
Andersen,DEF,FUL,317,10,2,15,46,90,0,0,0,2,0,14,0,0,0,0,0,1,,,145,1,2,2025-12-07T16:30:00Z,1090,1130,1080,1140,1100,1120
Bassey,DEF,FUL,318,10,2,15,45,90,0,0,0,2,0,8,0,0,0,0,0,3,,,145,1,2,2025-12-07T16:30:00Z,1090,1130,1080,1140,1100,1120
Castagne,DEF,FUL,319,10,2,15,43,90,0,0,0,2,0,6,0,0,0,0,0,1,,,145,1,2,2025-12-07T16:30:00Z,1090,1130,1080,1140,1100,1120
Diop,DEF,FUL,320,10,2,15,43,0,0,0,0,0,0,0,0,0,0,0,0,0,,,145,1,2,2025-12-07T16:30:00Z,1090,1130,1080,1140,1100,1120
J.Cuenca,DEF,FUL,321,10,2,15,43,0,0,0,0,0,0,0,0,0,0,0,0,0,,,145,1,2,2025-12-07T16:30:00Z,1090,1130,1080,1140,1100,1120
Tete,DEF,FUL,322,10,2,15,45,90,0,0,0,2,0,13,0,0,0,0,0,3,,,145,1,2,2025-12-07T16:30:00Z,1090,1130,1080,1140,1100,1120
Amissah,DEF,FUL,323,10,2,15,38,0,0,0,0,0,0,0,0,0,0,0,0,0,,,145,1,2,2025-12-07T16:30:00Z,1090,1130,1080,1140,1100,1120
Iwobi,MID,FUL,324,10,3,15,63,88,0,0,0,2,0,19,0,0,0,0,0,2,,,145,1,2,2025-12-07T16:30:00Z,1090,1130,1080,1140,1100,1120
Smith Rowe,MID,FUL,325,10,3,15,56,67,0,0,0,1,0,8,0,0,0,0,0,2,,,145,1,2,2025-12-07T16:30:00Z,1090,1130,1080,1140,1100,1120
Adama,MID,FUL,326,10,3,15,51,1,0,0,0,0,0,3,0,0,0,0,0,1,,,145,1,2,2025-12-07T16:30:00Z,1090,1130,1080,1140,1100,1120
Andreas,MID,FUL,327,10,3,15,53,0,0,0,0,0,0,0,0,0,0,0,0,0,,,145,1,2,2025-12-07T16:30:00Z,1090,1130,1080,1140,1100,1120
Sessegnon,MID,FUL,328,10,3,15,54,0,0,0,0,0,0,0,0,0,0,0,0,0,,,145,1,2,2025-12-07T16:30:00Z,1090,1130,1080,1140,1100,1120
Wilson,MID,FUL,329,10,3,15,58,88,1,0,0,2,0,30,1,0,0,0,0,8,,,145,1,2,2025-12-07T16:30:00Z,1090,1130,1080,1140,1100,1120
Berge,MID,FUL,330,10,3,15,49,75,0,0,0,1,0,14,0,0,0,0,0,2,,,145,1,2,2025-12-07T16:30:00Z,1090,1130,1080,1140,1100,1120
Cairney,MID,FUL,331,10,3,15,48,2,0,0,0,0,0,4,0,0,0,0,0,1,,,145,1,2,2025-12-07T16:30:00Z,1090,1130,1080,1140,1100,1120
Lukić,MID,FUL,332,10,3,15,49,14,0,0,0,1,0,5,0,0,0,0,0,1,,,145,1,2,2025-12-07T16:30:00Z,1090,1130,1080,1140,1100,1120
Godo,MID,FUL,333,10,3,15,45,0,0,0,0,0,0,0,0,0,0,0,0,0,,,145,1,2,2025-12-07T16:30:00Z,1090,1130,1080,1140,1100,1120
Harris,MID,FUL,334,10,3,15,45,0,0,0,0,0,0,0,0,0,0,0,0,0,,,145,1,2,2025-12-07T16:30:00Z,1090,1130,1080,1140,1100,1120
King,MID,FUL,335,10,3,15,45,14,0,0,0,1,0,2,0,0,0,0,0,1,,,145,1,2,2025-12-07T16:30:00Z,1090,1130,1080,1140,1100,1120
Reed,MID,FUL,336,10,3,15,43,0,0,0,0,0,0,0,0,0,0,0,0,0,,,145,1,2,2025-12-07T16:30:00Z,1090,1130,1080,1140,1100,1120
Raúl,FWD,FUL,337,10,4,15,63,90,0,1,0,2,0,11,0,0,0,0,0,5,,,145,1,2,2025-12-07T16:30:00Z,1090,1130,1080,1140,1100,1120
Muniz,FWD,FUL,338,10,4,15,53,0,0,0,0,0,0,0,0,0,0,0,0,0,,,145,1,2,2025-12-07T16:30:00Z,1090,1130,1080,1140,1100,1120
Meslier,GKP,LEE,339,11,1,15,42,0,0,0,0,0,0,0,0,0,0,0,0,0,,,146,3,3,2025-12-06T17:30:00Z,1095,1145,1080,1100,1110,1190
Cairns,GKP,LEE,340,11,1,15,39,0,0,0,0,0,0,0,0,0,0,0,0,0,,,146,3,3,2025-12-06T17:30:00Z,1095,1145,1080,1100,1110,1190
Darlow,GKP,LEE,341,11,1,15,39,0,0,0,0,0,0,0,0,0,0,0,0,0,,,146,3,3,2025-12-06T17:30:00Z,1095,1145,1080,1100,1110,1190
Bogle,DEF,LEE,342,11,2,15,44,90,0,0,0,3,0,-9,0,1,0,0,0,0,,,146,3,3,2025-12-06T17:30:00Z,1095,1145,1080,1100,1110,1190
Struijk,DEF,LEE,343,11,2,15,43,90,0,0,0,3,0,0,0,1,0,0,0,0,,,146,3,3,2025-12-06T17:30:00Z,1095,1145,1080,1100,1110,1190
Bijol,DEF,LEE,344,11,2,15,39,64,0,0,0,2,0,7,0,0,0,0,0,1,,,146,3,3,2025-12-06T17:30:00Z,1095,1145,1080,1100,1110,1190
Bornauw,DEF,LEE,345,11,2,15,38,1,0,0,0,0,0,3,0,0,0,0,0,1,,,146,3,3,2025-12-06T17:30:00Z,1095,1145,1080,1100,1110,1190
Byram,DEF,LEE,346,11,2,15,38,0,0,0,0,0,0,0,0,0,0,0,0,0,,,146,3,3,2025-12-06T17:30:00Z,1095,1145,1080,1100,1110,1190
Gudmundsson,DEF,LEE,347,11,2,15,38,90,0,0,0,3,0,-2,0,1,0,0,0,0,,,146,3,3,2025-12-06T17:30:00Z,1095,1145,1080,1100,1110,1190
Rodon,DEF,LEE,348,11,2,15,40,90,0,0,0,3,0,2,0,0,0,0,0,1,,,146,3,3,2025-12-06T17:30:00Z,1095,1145,1080,1100,1110,1190
Schmidt,DEF,LEE,349,11,2,15,40,0,0,0,0,0,0,0,0,0,0,0,0,0,,,146,3,3,2025-12-06T17:30:00Z,1095,1145,1080,1100,1110,1190
Aaronson,MID,LEE,350,11,3,15,54,25,0,1,0,1,0,14,0,0,0,0,0,4,,,146,3,3,2025-12-06T17:30:00Z,1095,1145,1080,1100,1110,1190
Gnonto,MID,LEE,351,11,3,15,52,25,0,1,0,1,0,13,0,0,0,0,0,4,,,146,3,3,2025-12-06T17:30:00Z,1095,1145,1080,1100,1110,1190
Harrison,MID,LEE,352,11,3,15,51,0,0,0,0,0,0,0,0,0,0,0,0,0,,,146,3,3,2025-12-06T17:30:00Z,1095,1145,1080,1100,1110,1190
James,MID,LEE,353,11,3,15,53,0,0,0,0,0,0,0,0,0,0,0,0,0,,,146,3,3,2025-12-06T17:30:00Z,1095,1145,1080,1100,1110,1190
Ampadu,MID,LEE,354,11,3,15,49,86,0,0,0,3,0,15,0,0,0,0,0,2,,,146,3,3,2025-12-06T17:30:00Z,1095,1145,1080,1100,1110,1190
Greenwood,MID,LEE,355,11,3,15,49,0,0,0,0,0,0,0,0,0,0,0,0,0,,,146,3,3,2025-12-06T17:30:00Z,1095,1145,1080,1100,1110,1190
Gruev,MID,LEE,356,11,3,15,47,64,0,0,0,2,0,10,0,0,0,0,0,2,,,146,3,3,2025-12-06T17:30:00Z,1095,1145,1080,1100,1110,1190
Ramazani,MID,LEE,357,11,3,15,49,0,0,0,0,0,0,0,0,0,0,0,0,0,,,146,3,3,2025-12-06T17:30:00Z,1095,1145,1080,1100,1110,1190
Tanaka,MID,LEE,358,11,3,15,48,25,1,0,0,1,0,25,0,0,0,0,0,6,,,146,3,3,2025-12-06T17:30:00Z,1095,1145,1080,1100,1110,1190
Crew,MID,LEE,359,11,3,15,45,0,0,0,0,0,0,0,0,0,0,0,0,0,,,146,3,3,2025-12-06T17:30:00Z,1095,1145,1080,1100,1110,1190
Gelhardt,MID,LEE,360,11,3,15,45,0,0,0,0,0,0,0,0,0,0,0,0,0,,,146,3,3,2025-12-06T17:30:00Z,1095,1145,1080,1100,1110,1190
Gyabi,MID,LEE,361,11,3,15,45,0,0,0,0,0,0,0,0,0,0,0,0,0,,,146,3,3,2025-12-06T17:30:00Z,1095,1145,1080,1100,1110,1190
Piroe,FWD,LEE,362,11,4,15,49,3,0,0,0,0,0,2,0,0,0,0,0,1,,,146,3,3,2025-12-06T17:30:00Z,1095,1145,1080,1100,1110,1190
Bamford,FWD,LEE,363,11,4,15,49,0,0,0,0,0,0,0,0,0,0,0,0,0,,,146,3,3,2025-12-06T17:30:00Z,1095,1145,1080,1100,1110,1190
Mateo Joseph,FWD,LEE,364,11,4,15,50,0,0,0,0,0,0,0,0,0,0,0,0,0,,,146,3,3,2025-12-06T17:30:00Z,1095,1145,1080,1100,1110,1190
Nmecha,FWD,LEE,365,11,4,15,50,0,0,0,0,0,0,0,0,0,0,0,0,0,,,146,3,3,2025-12-06T17:30:00Z,1095,1145,1080,1100,1110,1190
A.Becker,GKP,LIV,366,12,1,15,54,90,0,0,0,3,2,2,0,0,0,0,0,1,,,146,3,3,2025-12-06T17:30:00Z,1230,1265,1170,1210,1290,1320
Mamardashvili,GKP,LIV,367,12,1,15,42,0,0,0,0,0,0,0,0,0,0,0,0,0,,,146,3,3,2025-12-06T17:30:00Z,1230,1265,1170,1210,1290,1320
Pécsi,GKP,LIV,368,12,1,15,39,0,0,0,0,0,0,0,0,0,0,0,0,0,,,146,3,3,2025-12-06T17:30:00Z,1230,1265,1170,1210,1290,1320
Woodman,GKP,LIV,369,12,1,15,39,0,0,0,0,0,0,0,0,0,0,0,0,0,,,146,3,3,2025-12-06T17:30:00Z,1230,1265,1170,1210,1290,1320
Frimpong,DEF,LIV,370,12,2,15,57,0,0,0,0,0,0,0,0,0,0,0,0,0,,,146,3,3,2025-12-06T17:30:00Z,1230,1265,1170,1210,1290,1320
Kerkez,DEF,LIV,371,12,2,15,56,90,0,0,0,3,0,2,0,0,0,0,0,1,,,146,3,3,2025-12-06T17:30:00Z,1230,1265,1170,1210,1290,1320
Robertson,DEF,LIV,372,12,2,15,58,0,0,0,0,0,0,0,0,0,0,0,0,0,,,146,3,3,2025-12-06T17:30:00Z,1230,1265,1170,1210,1290,1320
Virgil,DEF,LIV,373,12,2,15,59,90,0,0,0,3,0,2,0,1,0,0,0,2,,,146,3,3,2025-12-06T17:30:00Z,1230,1265,1170,1210,1290,1320
Konaté,DEF,LIV,374,12,2,15,54,90,0,0,0,3,0,4,0,0,0,0,0,1,,,146,3,3,2025-12-06T17:30:00Z,1230,1265,1170,1210,1290,1320
Bradley,DEF,LIV,375,12,2,15,50,67,0,0,1,0,0,25,0,1,0,0,0,5,,,146,3,3,2025-12-06T17:30:00Z,1230,1265,1170,1210,1290,1320
Gomez,DEF,LIV,376,12,2,15,49,22,0,0,0,3,0,-12,0,1,0,0,0,-1,,,146,3,3,2025-12-06T17:30:00Z,1230,1265,1170,1210,1290,1320
Tsimikas,DEF,LIV,377,12,2,15,48,0,0,0,0,0,0,0,0,0,0,0,0,0,,,146,3,3,2025-12-06T17:30:00Z,1230,1265,1170,1210,1290,1320
Nallo,DEF,LIV,378,12,2,15,37,0,0,0,0,0,0,0,0,0,0,0,0,0,,,146,3,3,2025-12-06T17:30:00Z,1230,1265,1170,1210,1290,1320
R.Williams,DEF,LIV,379,12,2,15,38,0,0,0,0,0,0,0,0,0,0,0,0,0,,,146,3,3,2025-12-06T17:30:00Z,1230,1265,1170,1210,1290,1320
Ramsay,DEF,LIV,380,12,2,15,38,0,0,0,0,0,0,0,0,0,0,0,0,0,,,146,3,3,2025-12-06T17:30:00Z,1230,1265,1170,1210,1290,1320
M.Salah,MID,LIV,381,12,3,15,140,0,0,0,0,0,0,0,0,0,0,0,0,0,,,146,3,3,2025-12-06T17:30:00Z,1230,1265,1170,1210,1290,1320
Wirtz,MID,LIV,382,12,3,15,81,67,0,0,1,0,0,11,0,0,0,0,0,3,,,146,3,3,2025-12-06T17:30:00Z,1230,1265,1170,1210,1290,1320
Luis Díaz,MID,LIV,383,12,3,15,80,0,0,0,0,0,0,0,0,0,0,0,0,0,,,146,3,3,2025-12-06T17:30:00Z,1230,1265,1170,1210,1290,1320
Gakpo,MID,LIV,384,12,3,15,73,82,0,0,0,2,0,11,0,0,0,0,0,2,,,146,3,3,2025-12-06T17:30:00Z,1230,1265,1170,1210,1290,1320
Chiesa,MID,LIV,385,12,3,15,63,0,0,0,0,0,0,0,0,0,0,0,0,0,,,146,3,3,2025-12-06T17:30:00Z,1230,1265,1170,1210,1290,1320
Mac Allister,MID,LIV,386,12,3,15,62,22,0,0,0,3,0,6,0,0,0,0,0,1,,,146,3,3,2025-12-06T17:30:00Z,1230,1265,1170,1210,1290,1320
Szoboszlai,MID,LIV,387,12,3,15,66,90,1,0,0,3,0,37,1,0,0,0,0,8,,,146,3,3,2025-12-06T17:30:00Z,1230,1265,1170,1210,1290,1320
C.Jones,MID,LIV,388,12,3,15,54,90,0,0,0,3,0,19,0,0,0,0,0,2,,,146,3,3,2025-12-06T17:30:00Z,1230,1265,1170,1210,1290,1320
Elliott,MID,AVL,389,2,3,15,52,0,0,0,0,0,0,0,0,0,0,0,0,0,,,141,2,1,2025-12-06T12:30:00Z,1145,1185,1150,1170,1140,1200
Gravenberch,MID,LIV,390,12,3,15,57,90,0,1,0,3,0,29,0,0,0,0,0,5,,,146,3,3,2025-12-06T17:30:00Z,1230,1265,1170,1210,1290,1320
Gannon-Doak,MID,BOU,391,4,3,15,48,0,0,0,0,0,0,0,0,0,0,0,0,0,,,142,0,0,2025-12-06T15:00:00Z,1150,1220,1100,1240,1200,1200
Endo,MID,LIV,392,12,3,15,49,7,0,0,0,1,0,3,0,0,0,0,0,1,,,146,3,3,2025-12-06T17:30:00Z,1230,1265,1170,1210,1290,1320
Bajcetic,MID,LIV,393,12,3,15,43,0,0,0,0,0,0,0,0,0,0,0,0,0,,,146,3,3,2025-12-06T17:30:00Z,1230,1265,1170,1210,1290,1320
McConnell,MID,LIV,394,12,3,15,44,0,0,0,0,0,0,0,0,0,0,0,0,0,,,146,3,3,2025-12-06T17:30:00Z,1230,1265,1170,1210,1290,1320
Morton,MID,LIV,395,12,3,15,45,0,0,0,0,0,0,0,0,0,0,0,0,0,,,146,3,3,2025-12-06T17:30:00Z,1230,1265,1170,1210,1290,1320
Nyoni,MID,LIV,396,12,3,15,43,0,0,0,0,0,0,0,0,0,0,0,0,0,,,146,3,3,2025-12-06T17:30:00Z,1230,1265,1170,1210,1290,1320
Darwin,FWD,LIV,397,12,4,15,65,0,0,0,0,0,0,0,0,0,0,0,0,0,,,146,3,3,2025-12-06T17:30:00Z,1230,1265,1170,1210,1290,1320
Danns,FWD,LIV,398,12,4,15,43,0,0,0,0,0,0,0,0,0,0,0,0,0,,,146,3,3,2025-12-06T17:30:00Z,1230,1265,1170,1210,1290,1320
Ederson M.,GKP,MCI,399,13,1,15,53,0,0,0,0,0,0,0,0,0,0,0,0,0,,,147,3,0,2025-12-06T15:00:00Z,1250,1305,1210,1230,1290,1380
Ortega Moreno,GKP,MCI,400,13,1,15,47,0,0,0,0,0,0,0,0,0,0,0,0,0,,,147,3,0,2025-12-06T15:00:00Z,1250,1305,1210,1230,1290,1380
Bettinelli,GKP,MCI,401,13,1,15,39,0,0,0,0,0,0,0,0,0,0,0,0,0,,,147,3,0,2025-12-06T15:00:00Z,1250,1305,1210,1230,1290,1380
Aït-Nouri,DEF,MCI,402,13,2,15,57,0,0,0,0,0,0,0,0,0,0,0,0,0,,,147,3,0,2025-12-06T15:00:00Z,1250,1305,1210,1230,1290,1380
Gvardiol,DEF,MCI,403,13,2,15,60,69,1,0,1,0,0,37,1,1,0,0,0,12,,,147,3,0,2025-12-06T15:00:00Z,1250,1305,1210,1230,1290,1380
Akanji,DEF,MCI,404,13,2,15,54,0,0,0,0,0,0,0,0,0,0,0,0,0,,,147,3,0,2025-12-06T15:00:00Z,1250,1305,1210,1230,1290,1380
Aké,DEF,MCI,405,13,2,15,53,20,0,0,0,0,0,3,0,0,0,0,0,1,,,147,3,0,2025-12-06T15:00:00Z,1250,1305,1210,1230,1290,1380
Khusanov,DEF,MCI,406,13,2,15,54,0,0,0,0,0,0,0,0,0,0,0,0,0,,,147,3,0,2025-12-06T15:00:00Z,1250,1305,1210,1230,1290,1380
Matheus N.,DEF,MCI,407,13,2,15,54,90,0,0,1,0,0,32,0,0,0,0,0,6,,,147,3,0,2025-12-06T15:00:00Z,1250,1305,1210,1230,1290,1380
Rúben,DEF,MCI,408,13,2,15,57,90,1,0,1,0,0,44,2,0,0,0,0,14,,,147,3,0,2025-12-06T15:00:00Z,1250,1305,1210,1230,1290,1380
Stones,DEF,MCI,409,13,2,15,54,0,0,0,0,0,0,0,0,0,0,0,0,0,,,147,3,0,2025-12-06T15:00:00Z,1250,1305,1210,1230,1290,1380
Lewis,DEF,MCI,410,13,2,15,47,8,0,0,0,0,0,3,0,0,0,0,0,1,,,147,3,0,2025-12-06T15:00:00Z,1250,1305,1210,1230,1290,1380
O'Reilly,DEF,MCI,411,13,2,15,53,90,0,0,1,0,0,36,0,0,0,0,0,6,,,147,3,0,2025-12-06T15:00:00Z,1250,1305,1210,1230,1290,1380
Vitor Reis,DEF,MCI,412,13,2,15,50,0,0,0,0,0,0,0,0,0,0,0,0,0,,,147,3,0,2025-12-06T15:00:00Z,1250,1305,1210,1230,1290,1380
Marmoush,MID,MCI,413,13,3,15,83,21,0,0,0,0,0,2,0,0,0,0,0,1,,,147,3,0,2025-12-06T15:00:00Z,1250,1305,1210,1230,1290,1380
Foden,MID,MCI,414,13,3,15,90,68,1,1,1,0,0,37,1,0,0,0,0,12,,,147,3,0,2025-12-06T15:00:00Z,1250,1305,1210,1230,1290,1380
Savinho,MID,MCI,415,13,3,15,69,8,0,0,0,0,0,1,0,0,0,0,0,1,,,147,3,0,2025-12-06T15:00:00Z,1250,1305,1210,1230,1290,1380
Bernardo,MID,MCI,416,13,3,15,62,81,0,0,1,0,0,11,0,0,0,0,0,3,,,147,3,0,2025-12-06T15:00:00Z,1250,1305,1210,1230,1290,1380
Cherki,MID,MCI,417,13,3,15,66,81,0,2,1,0,0,48,3,0,0,0,0,12,,,147,3,0,2025-12-06T15:00:00Z,1250,1305,1210,1230,1290,1380
Doku,MID,MCI,418,13,3,15,64,90,0,0,1,0,0,23,0,0,0,0,0,3,,,147,3,0,2025-12-06T15:00:00Z,1250,1305,1210,1230,1290,1380
Grealish,MID,EVE,419,9,3,15,65,85,0,0,1,0,0,8,0,0,0,0,0,3,,,144,3,0,2025-12-06T15:00:00Z,1100,1130,1110,1130,1090,1130
Gündoğan,MID,MCI,420,13,3,15,63,0,0,0,0,0,0,0,0,0,0,0,0,0,,,147,3,0,2025-12-06T15:00:00Z,1250,1305,1210,1230,1290,1380
Rodrigo,MID,MCI,421,13,3,15,63,0,0,0,0,0,0,0,0,0,0,0,0,0,,,147,3,0,2025-12-06T15:00:00Z,1250,1305,1210,1230,1290,1380
Kovačić,MID,MCI,422,13,3,15,59,0,0,0,0,0,0,0,0,0,0,0,0,0,,,147,3,0,2025-12-06T15:00:00Z,1250,1305,1210,1230,1290,1380
N.Gonzalez,MID,MCI,423,13,3,15,59,90,0,0,1,0,0,13,0,0,0,0,0,3,,,147,3,0,2025-12-06T15:00:00Z,1250,1305,1210,1230,1290,1380
Bobb,MID,MCI,424,13,3,15,51,0,0,0,0,0,0,0,0,0,0,0,0,0,,,147,3,0,2025-12-06T15:00:00Z,1250,1305,1210,1230,1290,1380
Echeverri,MID,MCI,425,13,3,15,54,0,0,0,0,0,0,0,0,0,0,0,0,0,,,147,3,0,2025-12-06T15:00:00Z,1250,1305,1210,1230,1290,1380
McAtee,MID,NFO,426,16,3,15,51,0,0,0,0,0,0,0,0,0,0,0,0,0,,,144,3,0,2025-12-06T15:00:00Z,1100,1130,1100,1110,1100,1150
Reijnders,MID,MCI,427,13,3,15,52,21,0,0,0,0,0,1,0,0,0,0,0,1,,,147,3,0,2025-12-06T15:00:00Z,1250,1305,1210,1230,1290,1380
Nypan,MID,MCI,428,13,3,15,50,0,0,0,0,0,0,0,0,0,0,0,0,0,,,147,3,0,2025-12-06T15:00:00Z,1250,1305,1210,1230,1290,1380
Phillips,MID,MCI,429,13,3,15,48,0,0,0,0,0,0,0,0,0,0,0,0,0,,,147,3,0,2025-12-06T15:00:00Z,1250,1305,1210,1230,1290,1380
Haaland,FWD,MCI,430,13,4,15,151,68,0,0,1,0,0,5,0,0,0,0,0,2,,,147,3,0,2025-12-06T15:00:00Z,1250,1305,1210,1230,1290,1380
Bayindir,GKP,MUN,431,14,1,15,48,0,0,0,0,0,0,0,0,0,0,0,0,0,,,150,1,4,2025-12-08T20:00:00Z,1135,1205,1100,1150,1170,1260
Onana,GKP,MUN,432,14,1,15,49,0,0,0,0,0,0,0,0,0,0,0,0,0,,,150,1,4,2025-12-08T20:00:00Z,1135,1205,1100,1150,1170,1260
Harrison,GKP,MUN,433,14,1,15,40,0,0,0,0,0,0,0,0,0,0,0,0,0,,,150,1,4,2025-12-08T20:00:00Z,1135,1205,1100,1150,1170,1260
Heaton,GKP,MUN,434,14,1,15,39,0,0,0,0,0,0,0,0,0,0,0,0,0,,,150,1,4,2025-12-08T20:00:00Z,1135,1205,1100,1150,1170,1260
Mee,GKP,MUN,435,14,1,15,39,0,0,0,0,0,0,0,0,0,0,0,0,0,,,150,1,4,2025-12-08T20:00:00Z,1135,1205,1100,1150,1170,1260
De Ligt,DEF,MUN,436,14,2,15,50,0,0,0,0,0,0,0,0,0,0,0,0,0,,,150,1,4,2025-12-08T20:00:00Z,1135,1205,1100,1150,1170,1260
Martinez,DEF,MUN,437,14,2,15,48,21,0,0,0,0,0,5,0,0,0,0,0,1,,,150,1,4,2025-12-08T20:00:00Z,1135,1205,1100,1150,1170,1260
Mazraoui,DEF,MUN,438,14,2,15,49,68,0,0,0,1,0,11,0,0,0,0,0,2,,,150,1,4,2025-12-08T20:00:00Z,1135,1205,1100,1150,1170,1260
D.Leon,DEF,MUN,439,14,2,15,42,0,0,0,0,0,0,0,0,0,0,0,0,0,,,150,1,4,2025-12-08T20:00:00Z,1135,1205,1100,1150,1170,1260
Dalot,DEF,MUN,440,14,2,15,44,83,0,1,0,1,0,20,0,0,0,0,0,5,,,150,1,4,2025-12-08T20:00:00Z,1135,1205,1100,1150,1170,1260
Dorgu,DEF,MUN,441,14,2,15,41,6,0,0,0,0,0,3,0,0,0,0,0,1,,,150,1,4,2025-12-08T20:00:00Z,1135,1205,1100,1150,1170,1260
Maguire,DEF,MUN,442,14,2,15,43,0,0,0,0,0,0,0,0,0,0,0,0,0,,,150,1,4,2025-12-08T20:00:00Z,1135,1205,1100,1150,1170,1260
Shaw,DEF,MUN,443,14,2,15,45,90,0,0,0,1,0,11,0,0,0,0,0,2,,,150,1,4,2025-12-08T20:00:00Z,1135,1205,1100,1150,1170,1260
Yoro,DEF,MUN,444,14,2,15,43,21,0,0,0,0,0,6,0,0,0,0,0,1,,,150,1,4,2025-12-08T20:00:00Z,1135,1205,1100,1150,1170,1260
Amass,DEF,MUN,445,14,2,15,40,0,0,0,0,0,0,0,0,0,0,0,0,0,,,150,1,4,2025-12-08T20:00:00Z,1135,1205,1100,1150,1170,1260
Fredricson,DEF,MUN,446,14,2,15,38,0,0,0,0,0,0,0,0,0,0,0,0,0,,,150,1,4,2025-12-08T20:00:00Z,1135,1205,1100,1150,1170,1260
Heaven,DEF,MUN,447,14,2,15,38,68,0,0,0,1,0,14,0,0,0,0,0,2,,,150,1,4,2025-12-08T20:00:00Z,1135,1205,1100,1150,1170,1260
Malacia,DEF,MUN,448,14,2,15,38,0,0,0,0,0,0,0,0,0,0,0,0,0,,,150,1,4,2025-12-08T20:00:00Z,1135,1205,1100,1150,1170,1260
B.Fernandes,MID,MUN,449,14,3,15,92,90,2,1,0,1,0,74,3,0,0,0,0,18,,,150,1,4,2025-12-08T20:00:00Z,1135,1205,1100,1150,1170,1260
Cunha,MID,MUN,450,14,3,15,80,90,0,1,0,1,0,26,0,0,0,0,0,5,,,150,1,4,2025-12-08T20:00:00Z,1135,1205,1100,1150,1170,1260
Rashford,MID,MUN,451,14,3,15,70,0,0,0,0,0,0,0,0,0,0,0,0,0,,,150,1,4,2025-12-08T20:00:00Z,1135,1205,1100,1150,1170,1260
Amad,MID,MUN,452,14,3,15,63,90,0,1,0,1,0,27,1,0,0,0,0,6,,,150,1,4,2025-12-08T20:00:00Z,1135,1205,1100,1150,1170,1260
Garnacho,MID,CHE,453,7,3,15,64,76,0,0,1,0,0,8,0,0,0,0,0,3,,,142,0,0,2025-12-06T15:00:00Z,1180,1190,1140,1160,1220,1220
Antony,MID,MUN,454,14,3,15,59,0,0,0,0,0,0,0,0,0,0,0,0,0,,,150,1,4,2025-12-08T20:00:00Z,1135,1205,1100,1150,1170,1260
Mount,MID,MUN,455,14,3,15,59,83,1,0,0,1,0,22,0,0,0,0,0,7,,,150,1,4,2025-12-08T20:00:00Z,1135,1205,1100,1150,1170,1260
Sancho,MID,AVL,456,2,3,15,58,15,0,0,0,0,0,9,0,0,0,0,0,1,,,141,2,1,2025-12-06T12:30:00Z,1145,1185,1150,1170,1140,1200
Casemiro,MID,MUN,457,14,3,15,55,77,0,0,0,1,0,10,0,0,0,0,0,2,,,150,1,4,2025-12-08T20:00:00Z,1135,1205,1100,1150,1170,1260
Mainoo,MID,MUN,458,14,3,15,46,12,0,0,0,0,0,4,0,0,0,0,0,1,,,150,1,4,2025-12-08T20:00:00Z,1135,1205,1100,1150,1170,1260
Ugarte,MID,MUN,459,14,3,15,47,0,0,0,0,0,0,0,0,0,0,0,0,0,,,150,1,4,2025-12-08T20:00:00Z,1135,1205,1100,1150,1170,1260
Collyer,MID,MUN,460,14,3,15,45,0,0,0,0,0,0,0,0,0,0,0,0,0,,,150,1,4,2025-12-08T20:00:00Z,1135,1205,1100,1150,1170,1260
Fitzgerald,MID,MUN,461,14,3,15,44,0,0,0,0,0,0,0,0,0,0,0,0,0,,,150,1,4,2025-12-08T20:00:00Z,1135,1205,1100,1150,1170,1260
J.Fletcher,MID,MUN,462,14,3,15,43,0,0,0,0,0,0,0,0,0,0,0,0,0,,,150,1,4,2025-12-08T20:00:00Z,1135,1205,1100,1150,1170,1260
Kone,MID,MUN,463,14,3,15,43,0,0,0,0,0,0,0,0,0,0,0,0,0,,,150,1,4,2025-12-08T20:00:00Z,1135,1205,1100,1150,1170,1260
Moorhouse,MID,MUN,464,14,3,15,45,0,0,0,0,0,0,0,0,0,0,0,0,0,,,150,1,4,2025-12-08T20:00:00Z,1135,1205,1100,1150,1170,1260
Højlund,FWD,MUN,465,14,4,15,63,0,0,0,0,0,0,0,0,0,0,0,0,0,,,150,1,4,2025-12-08T20:00:00Z,1135,1205,1100,1150,1170,1260
Zirkzee,FWD,MUN,466,14,4,15,58,6,0,0,0,0,0,0,0,1,0,0,0,0,,,150,1,4,2025-12-08T20:00:00Z,1135,1205,1100,1150,1170,1260
Obi,FWD,MUN,467,14,4,15,42,0,0,0,0,0,0,0,0,0,0,0,0,0,,,150,1,4,2025-12-08T20:00:00Z,1135,1205,1100,1150,1170,1260
Wheatley,FWD,MUN,468,14,4,15,45,0,0,0,0,0,0,0,0,0,0,0,0,0,,,150,1,4,2025-12-08T20:00:00Z,1135,1205,1100,1150,1170,1260
Pope,GKP,NEW,469,15,1,15,51,0,0,0,0,0,0,0,0,0,0,0,0,0,,,148,2,1,2025-12-06T15:00:00Z,1160,1220,1170,1180,1150,1260
Dúbravka,GKP,BUR,470,3,1,15,40,90,0,0,0,2,6,13,0,0,0,0,0,3,,,148,2,1,2025-12-06T15:00:00Z,1055,1095,1010,1090,1100,1100
Gillespie,GKP,NEW,471,15,1,15,39,0,0,0,0,0,0,0,0,0,0,0,0,0,,,148,2,1,2025-12-06T15:00:00Z,1160,1220,1170,1180,1150,1260
Odysseas,GKP,NEW,472,15,1,15,40,0,0,0,0,0,0,0,0,0,0,0,0,0,,,148,2,1,2025-12-06T15:00:00Z,1160,1220,1170,1180,1150,1260
Hall,DEF,NEW,473,15,2,15,52,27,0,0,0,1,0,12,0,0,0,0,0,1,,,148,2,1,2025-12-06T15:00:00Z,1160,1220,1170,1180,1150,1260
Schär,DEF,NEW,474,15,2,15,53,90,0,0,0,1,0,9,0,0,0,0,0,2,,,148,2,1,2025-12-06T15:00:00Z,1160,1220,1170,1180,1150,1260
Botman,DEF,NEW,475,15,2,15,49,0,0,0,0,0,0,0,0,0,0,0,0,0,,,148,2,1,2025-12-06T15:00:00Z,1160,1220,1170,1180,1150,1260
Burn,DEF,NEW,476,15,2,15,51,62,0,0,1,0,0,28,1,0,0,0,0,7,,,148,2,1,2025-12-06T15:00:00Z,1160,1220,1170,1180,1150,1260
Livramento,DEF,NEW,477,15,2,15,49,90,0,0,0,1,0,17,0,1,0,0,0,1,,,148,2,1,2025-12-06T15:00:00Z,1160,1220,1170,1180,1150,1260
Trippier,DEF,NEW,478,15,2,15,49,0,0,0,0,0,0,0,0,0,0,0,0,0,,,148,2,1,2025-12-06T15:00:00Z,1160,1220,1170,1180,1150,1260
Krafth,DEF,NEW,479,15,2,15,43,0,0,0,0,0,0,0,0,0,0,0,0,0,,,148,2,1,2025-12-06T15:00:00Z,1160,1220,1170,1180,1150,1260
Lascelles,DEF,NEW,480,15,2,15,43,0,0,0,0,0,0,0,0,0,0,0,0,0,,,148,2,1,2025-12-06T15:00:00Z,1160,1220,1170,1180,1150,1260
A.Murphy,DEF,NEW,481,15,2,15,38,0,0,0,0,0,0,0,0,0,0,0,0,0,,,148,2,1,2025-12-06T15:00:00Z,1160,1220,1170,1180,1150,1260
Ashby,DEF,NEW,482,15,2,15,39,0,0,0,0,0,0,0,0,0,0,0,0,0,,,148,2,1,2025-12-06T15:00:00Z,1160,1220,1170,1180,1150,1260
Pivas,DEF,NEW,483,15,2,15,38,0,0,0,0,0,0,0,0,0,0,0,0,0,,,148,2,1,2025-12-06T15:00:00Z,1160,1220,1170,1180,1150,1260
Targett,DEF,NEW,484,15,2,15,40,0,0,0,0,0,0,0,0,0,0,0,0,0,,,148,2,1,2025-12-06T15:00:00Z,1160,1220,1170,1180,1150,1260
Gordon,MID,NEW,485,15,3,15,74,73,1,0,1,0,0,32,2,0,0,0,0,10,,,148,2,1,2025-12-06T15:00:00Z,1160,1220,1170,1180,1150,1260
Elanga,MID,NEW,486,15,3,15,65,90,0,0,0,1,0,7,0,0,0,0,0,2,,,148,2,1,2025-12-06T15:00:00Z,1160,1220,1170,1180,1150,1260
Barnes,MID,NEW,487,15,3,15,61,0,0,0,0,0,0,0,0,0,0,0,0,0,,,148,2,1,2025-12-06T15:00:00Z,1160,1220,1170,1180,1150,1260
Bruno G.,MID,NEW,488,15,3,15,70,90,1,0,0,1,0,44,3,0,0,0,0,10,,,148,2,1,2025-12-06T15:00:00Z,1160,1220,1170,1180,1150,1260
J.Murphy,MID,NEW,489,15,3,15,60,0,0,0,0,0,0,0,0,0,0,0,0,0,,,148,2,1,2025-12-06T15:00:00Z,1160,1220,1170,1180,1150,1260
Joelinton,MID,NEW,490,15,3,15,59,16,0,0,0,1,0,6,0,0,0,0,0,1,,,148,2,1,2025-12-06T15:00:00Z,1160,1220,1170,1180,1150,1260
Tonali,MID,NEW,491,15,3,15,53,1,0,0,0,0,0,3,0,0,0,0,0,1,,,148,2,1,2025-12-06T15:00:00Z,1160,1220,1170,1180,1150,1260
Antoñito C.,MID,NEW,492,15,3,15,49,0,0,0,0,0,0,0,0,0,0,0,0,0,,,148,2,1,2025-12-06T15:00:00Z,1160,1220,1170,1180,1150,1260
Longstaff,MID,LEE,493,11,3,15,48,0,0,0,0,0,0,0,0,0,0,0,0,0,,,146,3,3,2025-12-06T17:30:00Z,1095,1145,1080,1100,1110,1190
Willock,MID,NEW,494,15,3,15,50,62,0,0,1,0,0,14,0,0,0,0,0,3,,,148,2,1,2025-12-06T15:00:00Z,1160,1220,1170,1180,1150,1260
Hayden,MID,NEW,495,15,3,15,45,0,0,0,0,0,0,0,0,0,0,0,0,0,,,148,2,1,2025-12-06T15:00:00Z,1160,1220,1170,1180,1150,1260
Kuol,MID,NEW,496,15,3,15,44,0,0,0,0,0,0,0,0,0,0,0,0,0,,,148,2,1,2025-12-06T15:00:00Z,1160,1220,1170,1180,1150,1260
L.Miley,MID,NEW,497,15,3,15,44,27,0,0,0,1,0,4,0,0,0,0,0,1,,,148,2,1,2025-12-06T15:00:00Z,1160,1220,1170,1180,1150,1260
White,MID,NEW,498,15,3,15,45,0,0,0,0,0,0,0,0,0,0,0,0,0,,,148,2,1,2025-12-06T15:00:00Z,1160,1220,1170,1180,1150,1260
Isak,FWD,LIV,499,12,4,15,103,6,0,0,0,1,0,2,0,0,0,0,0,1,,,146,3,3,2025-12-06T17:30:00Z,1230,1265,1170,1210,1290,1320
Osula,FWD,NEW,500,15,4,15,54,0,0,0,0,0,0,0,0,0,0,0,0,0,,,148,2,1,2025-12-06T15:00:00Z,1160,1220,1170,1180,1150,1260
Neave,FWD,NEW,501,15,4,15,43,0,0,0,0,0,0,0,0,0,0,0,0,0,,,148,2,1,2025-12-06T15:00:00Z,1160,1220,1170,1180,1150,1260
Sels,GKP,NFO,502,16,1,15,46,90,0,0,0,3,3,3,0,0,0,0,0,2,,,144,3,0,2025-12-06T15:00:00Z,1100,1130,1100,1110,1100,1150
C.Miguel,GKP,NFO,503,16,1,15,40,0,0,0,0,0,0,0,0,0,0,0,0,0,,,144,3,0,2025-12-06T15:00:00Z,1100,1130,1100,1110,1100,1150
Turner,GKP,NFO,504,16,1,15,40,0,0,0,0,0,0,0,0,0,0,0,0,0,,,144,3,0,2025-12-06T15:00:00Z,1100,1130,1100,1110,1100,1150
Milenković,DEF,NFO,505,16,2,15,51,90,0,0,0,3,0,-4,0,1,0,0,0,0,,,144,3,0,2025-12-06T15:00:00Z,1100,1130,1100,1110,1100,1150
Murillo,DEF,NFO,506,16,2,15,52,0,0,0,0,0,0,0,0,0,0,0,0,0,,,144,3,0,2025-12-06T15:00:00Z,1100,1130,1100,1110,1100,1150
Aina,DEF,NFO,507,16,2,15,47,0,0,0,0,0,0,0,0,0,0,0,0,0,,,144,3,0,2025-12-06T15:00:00Z,1100,1130,1100,1110,1100,1150
N.Williams,DEF,NFO,508,16,2,15,47,90,0,0,0,3,0,8,0,0,0,0,0,1,,,144,3,0,2025-12-06T15:00:00Z,1100,1130,1100,1110,1100,1150
David Carmo,DEF,NFO,509,16,2,15,45,0,0,0,0,0,0,0,0,0,0,0,0,0,,,144,3,0,2025-12-06T15:00:00Z,1100,1130,1100,1110,1100,1150
Jair Cunha,DEF,NFO,510,16,2,15,43,0,0,0,0,0,0,0,0,0,0,0,0,0,,,144,3,0,2025-12-06T15:00:00Z,1100,1130,1100,1110,1100,1150
Morato,DEF,NFO,511,16,2,15,43,90,0,0,0,3,0,-2,0,1,0,0,0,2,,,144,3,0,2025-12-06T15:00:00Z,1100,1130,1100,1110,1100,1150
O.Richards,DEF,NFO,512,16,2,15,45,0,0,0,0,0,0,0,0,0,0,0,0,0,,,144,3,0,2025-12-06T15:00:00Z,1100,1130,1100,1110,1100,1150
Abbott,DEF,NFO,513,16,2,15,38,45,0,0,0,1,0,5,0,0,0,0,0,1,,,144,3,0,2025-12-06T15:00:00Z,1100,1130,1100,1110,1100,1150
Boly,DEF,NFO,514,16,2,15,38,0,0,0,0,0,0,0,0,0,0,0,0,0,,,144,3,0,2025-12-06T15:00:00Z,1100,1130,1100,1110,1100,1150
Gibbs-White,MID,NFO,515,16,3,15,73,90,0,0,0,3,0,7,0,0,0,0,0,2,,,144,3,0,2025-12-06T15:00:00Z,1100,1130,1100,1110,1100,1150
Hudson-Odoi,MID,NFO,516,16,3,15,57,45,0,0,0,1,0,0,0,0,0,0,0,1,,,144,3,0,2025-12-06T15:00:00Z,1100,1130,1100,1110,1100,1150
Anderson,MID,NFO,517,16,3,15,53,90,0,0,0,3,0,27,0,0,0,0,0,4,,,144,3,0,2025-12-06T15:00:00Z,1100,1130,1100,1110,1100,1150
Jota,MID,NFO,518,16,3,15,54,0,0,0,0,0,0,0,0,0,0,0,0,0,,,144,3,0,2025-12-06T15:00:00Z,1100,1130,1100,1110,1100,1150
Dominguez,MID,NFO,519,16,3,15,50,28,0,0,0,1,0,3,0,0,0,0,0,1,,,144,3,0,2025-12-06T15:00:00Z,1100,1130,1100,1110,1100,1150
O'Brien,MID,NFO,520,16,3,15,50,0,0,0,0,0,0,0,0,0,0,0,0,0,,,144,3,0,2025-12-06T15:00:00Z,1100,1130,1100,1110,1100,1150
Sangaré,MID,NFO,521,16,3,15,49,45,0,0,0,2,0,10,0,0,0,0,0,1,,,144,3,0,2025-12-06T15:00:00Z,1100,1130,1100,1110,1100,1150
Yates,MID,NFO,522,16,3,15,47,16,0,0,0,0,0,6,0,0,0,0,0,1,,,144,3,0,2025-12-06T15:00:00Z,1100,1130,1100,1110,1100,1150
Da Silva Moreira,MID,NFO,523,16,3,15,45,0,0,0,0,0,0,0,0,0,0,0,0,0,,,144,3,0,2025-12-06T15:00:00Z,1100,1130,1100,1110,1100,1150
Stamenic,MID,NFO,524,16,3,15,45,0,0,0,0,0,0,0,0,0,0,0,0,0,,,144,3,0,2025-12-06T15:00:00Z,1100,1130,1100,1110,1100,1150
Wood,FWD,NFO,525,16,4,15,72,0,0,0,0,0,0,0,0,0,0,0,0,0,,,144,3,0,2025-12-06T15:00:00Z,1100,1130,1100,1110,1100,1150
Igor Jesus,FWD,NFO,526,16,4,15,58,90,0,0,0,3,0,11,0,0,0,0,0,2,,,144,3,0,2025-12-06T15:00:00Z,1100,1130,1100,1110,1100,1150
Awoniyi,FWD,NFO,527,16,4,15,52,0,0,0,0,0,0,0,0,0,0,0,0,0,,,144,3,0,2025-12-06T15:00:00Z,1100,1130,1100,1110,1100,1150
Patterson,GKP,SUN,528,17,1,15,42,0,0,0,0,0,0,0,0,0,0,0,0,0,,,147,3,0,2025-12-06T15:00:00Z,1100,1145,1100,1120,1100,1170
Moore,GKP,SUN,529,17,1,15,39,0,0,0,0,0,0,0,0,0,0,0,0,0,,,147,3,0,2025-12-06T15:00:00Z,1100,1145,1100,1120,1100,1170
Nna Noukeu,GKP,SUN,530,17,1,15,39,0,0,0,0,0,0,0,0,0,0,0,0,0,,,147,3,0,2025-12-06T15:00:00Z,1100,1145,1100,1120,1100,1170
Ballard,DEF,SUN,531,17,2,15,47,90,0,0,0,3,0,2,0,0,0,0,0,1,,,147,3,0,2025-12-06T15:00:00Z,1100,1145,1100,1120,1100,1170
Hume,DEF,SUN,532,17,2,15,45,87,0,0,0,3,0,3,0,0,0,0,0,1,,,147,3,0,2025-12-06T15:00:00Z,1100,1145,1100,1120,1100,1170
Alese,DEF,SUN,533,17,2,15,40,0,0,0,0,0,0,0,0,0,0,0,0,0,,,147,3,0,2025-12-06T15:00:00Z,1100,1145,1100,1120,1100,1170
Anderson,DEF,SUN,534,17,2,15,39,0,0,0,0,0,0,0,0,0,0,0,0,0,,,147,3,0,2025-12-06T15:00:00Z,1100,1145,1100,1120,1100,1170
Cirkin,DEF,SUN,535,17,2,15,40,0,0,0,0,0,0,0,0,0,0,0,0,0,,,147,3,0,2025-12-06T15:00:00Z,1100,1145,1100,1120,1100,1170
Hjelde,DEF,SUN,536,17,2,15,40,0,0,0,0,0,0,0,0,0,0,0,0,0,,,147,3,0,2025-12-06T15:00:00Z,1100,1145,1100,1120,1100,1170
Huggins,DEF,SUN,537,17,2,15,40,0,0,0,0,0,0,0,0,0,0,0,0,0,,,147,3,0,2025-12-06T15:00:00Z,1100,1145,1100,1120,1100,1170
Johnson,DEF,SUN,538,17,2,15,39,0,0,0,0,0,0,0,0,0,0,0,0,0,,,147,3,0,2025-12-06T15:00:00Z,1100,1145,1100,1120,1100,1170
O'Nien,DEF,SUN,539,17,2,15,40,3,0,0,0,0,0,-7,0,0,1,0,0,-2,,,147,3,0,2025-12-06T15:00:00Z,1100,1145,1100,1120,1100,1170
Pembele,DEF,SUN,540,17,2,15,39,0,0,0,0,0,0,0,0,0,0,0,0,0,,,147,3,0,2025-12-06T15:00:00Z,1100,1145,1100,1120,1100,1170
Reinildo,DEF,SUN,541,17,2,15,39,0,0,0,0,0,0,0,0,0,0,0,0,0,,,147,3,0,2025-12-06T15:00:00Z,1100,1145,1100,1120,1100,1170
Seelt,DEF,SUN,542,17,2,15,40,0,0,0,0,0,0,0,0,0,0,0,0,0,,,147,3,0,2025-12-06T15:00:00Z,1100,1145,1100,1120,1100,1170
Adingra,MID,SUN,543,17,3,15,49,18,0,0,0,0,0,2,0,0,0,0,0,1,,,147,3,0,2025-12-06T15:00:00Z,1100,1145,1100,1120,1100,1170
Diarra,MID,SUN,544,17,3,15,53,0,0,0,0,0,0,0,0,0,0,0,0,0,,,147,3,0,2025-12-06T15:00:00Z,1100,1145,1100,1120,1100,1170
Roberts,MID,SUN,545,17,3,15,54,0,0,0,0,0,0,0,0,0,0,0,0,0,,,147,3,0,2025-12-06T15:00:00Z,1100,1145,1100,1120,1100,1170
Aleksić,MID,SUN,546,17,3,15,49,0,0,0,0,0,0,0,0,0,0,0,0,0,,,147,3,0,2025-12-06T15:00:00Z,1100,1145,1100,1120,1100,1170
E.Le Fée,MID,SUN,547,17,3,15,49,90,0,0,0,3,0,16,0,0,0,0,0,2,,,147,3,0,2025-12-06T15:00:00Z,1100,1145,1100,1120,1100,1170
Mundle,MID,SUN,548,17,3,15,49,17,0,0,0,0,0,1,0,0,0,0,0,1,,,147,3,0,2025-12-06T15:00:00Z,1100,1145,1100,1120,1100,1170
Neil,MID,SUN,549,17,3,15,48,0,0,0,0,0,0,0,0,0,0,0,0,0,,,147,3,0,2025-12-06T15:00:00Z,1100,1145,1100,1120,1100,1170
Poveda,MID,SUN,550,17,3,15,48,0,0,0,0,0,0,0,0,0,0,0,0,0,,,147,3,0,2025-12-06T15:00:00Z,1100,1145,1100,1120,1100,1170
Rigg,MID,SUN,551,17,3,15,47,0,0,0,0,0,0,0,0,0,0,0,0,0,,,147,3,0,2025-12-06T15:00:00Z,1100,1145,1100,1120,1100,1170
Sadiki,MID,SUN,552,17,3,15,50,71,0,0,0,3,0,9,0,0,0,0,0,2,,,147,3,0,2025-12-06T15:00:00Z,1100,1145,1100,1120,1100,1170
Talbi,MID,SUN,553,17,3,15,49,34,0,0,0,1,0,7,0,0,0,0,0,1,,,147,3,0,2025-12-06T15:00:00Z,1100,1145,1100,1120,1100,1170
Ba,MID,SUN,554,17,3,15,43,0,0,0,0,0,0,0,0,0,0,0,0,0,,,147,3,0,2025-12-06T15:00:00Z,1100,1145,1100,1120,1100,1170
Browne,MID,SUN,555,17,3,15,45,0,0,0,0,0,0,0,0,0,0,0,0,0,,,147,3,0,2025-12-06T15:00:00Z,1100,1145,1100,1120,1100,1170
Ekwah,MID,SUN,556,17,3,15,45,0,0,0,0,0,0,0,0,0,0,0,0,0,,,147,3,0,2025-12-06T15:00:00Z,1100,1145,1100,1120,1100,1170
H.Jones,MID,SUN,557,17,3,15,43,0,0,0,0,0,0,0,0,0,0,0,0,0,,,147,3,0,2025-12-06T15:00:00Z,1100,1145,1100,1120,1100,1170
Matete,MID,SUN,558,17,3,15,43,0,0,0,0,0,0,0,0,0,0,0,0,0,,,147,3,0,2025-12-06T15:00:00Z,1100,1145,1100,1120,1100,1170
Triantis,MID,SUN,559,17,3,15,44,0,0,0,0,0,0,0,0,0,0,0,0,0,,,147,3,0,2025-12-06T15:00:00Z,1100,1145,1100,1120,1100,1170
Isidor,FWD,SUN,560,17,4,15,54,55,0,0,0,2,0,3,0,0,0,0,0,1,,,147,3,0,2025-12-06T15:00:00Z,1100,1145,1100,1120,1100,1170
Mayenda,FWD,SUN,561,17,4,15,52,0,0,0,0,0,0,0,0,0,0,0,0,0,,,147,3,0,2025-12-06T15:00:00Z,1100,1145,1100,1120,1100,1170
Abdullahi,FWD,SUN,562,17,4,15,43,0,0,0,0,0,0,0,0,0,0,0,0,0,,,147,3,0,2025-12-06T15:00:00Z,1100,1145,1100,1120,1100,1170
Luís Hemir,FWD,SUN,563,17,4,15,44,0,0,0,0,0,0,0,0,0,0,0,0,0,,,147,3,0,2025-12-06T15:00:00Z,1100,1145,1100,1120,1100,1170
Rusyn,FWD,SUN,564,17,4,15,44,0,0,0,0,0,0,0,0,0,0,0,0,0,,,147,3,0,2025-12-06T15:00:00Z,1100,1145,1100,1120,1100,1170
Vicario,GKP,TOT,565,18,1,15,48,90,0,0,1,0,1,24,0,0,0,0,0,6,,,149,2,0,2025-12-06T15:00:00Z,1165,1175,1130,1150,1200,1200
Austin,GKP,TOT,566,18,1,15,39,0,0,0,0,0,0,0,0,0,0,0,0,0,,,149,2,0,2025-12-06T15:00:00Z,1165,1175,1130,1150,1200,1200
Kinsky,GKP,TOT,567,18,1,15,39,0,0,0,0,0,0,0,0,0,0,0,0,0,,,149,2,0,2025-12-06T15:00:00Z,1165,1175,1130,1150,1200,1200
Pedro Porro,DEF,TOT,568,18,2,15,53,90,0,0,1,0,0,26,0,1,0,0,0,5,,,149,2,0,2025-12-06T15:00:00Z,1165,1175,1130,1150,1200,1200
Romero,DEF,TOT,569,18,2,15,50,80,0,0,1,0,0,29,1,1,0,0,0,6,,,149,2,0,2025-12-06T15:00:00Z,1165,1175,1130,1150,1200,1200
Danso,DEF,TOT,570,18,2,15,42,9,0,0,0,0,0,2,0,0,0,0,0,1,,,149,2,0,2025-12-06T15:00:00Z,1165,1175,1130,1150,1200,1200
Davies,DEF,TOT,571,18,2,15,43,0,0,0,0,0,0,0,0,0,0,0,0,0,,,149,2,0,2025-12-06T15:00:00Z,1165,1175,1130,1150,1200,1200
Dragusin,DEF,TOT,572,18,2,15,45,0,0,0,0,0,0,0,0,0,0,0,0,0,,,149,2,0,2025-12-06T15:00:00Z,1165,1175,1130,1150,1200,1200
Spence,DEF,TOT,573,18,2,15,43,90,0,0,1,0,0,25,0,0,0,0,0,6,,,149,2,0,2025-12-06T15:00:00Z,1165,1175,1130,1150,1200,1200
Udogie,DEF,TOT,574,18,2,15,44,0,0,0,0,0,0,0,0,0,0,0,0,0,,,149,2,0,2025-12-06T15:00:00Z,1165,1175,1130,1150,1200,1200
Van de Ven,DEF,TOT,575,18,2,15,45,90,0,0,1,0,0,25,0,0,0,0,0,6,,,149,2,0,2025-12-06T15:00:00Z,1165,1175,1130,1150,1200,1200
Phillips,DEF,TOT,576,18,2,15,40,0,0,0,0,0,0,0,0,0,0,0,0,0,,,149,2,0,2025-12-06T15:00:00Z,1165,1175,1130,1150,1200,1200
Takai,DEF,TOT,577,18,2,15,40,0,0,0,0,0,0,0,0,0,0,0,0,0,,,149,2,0,2025-12-06T15:00:00Z,1165,1175,1130,1150,1200,1200
Vuskovic,DEF,TOT,578,18,2,15,39,0,0,0,0,0,0,0,0,0,0,0,0,0,,,149,2,0,2025-12-06T15:00:00Z,1165,1175,1130,1150,1200,1200
Son,MID,TOT,579,18,3,15,85,0,0,0,0,0,0,0,0,0,0,0,0,0,,,149,2,0,2025-12-06T15:00:00Z,1165,1175,1130,1150,1200,1200
Johnson,MID,TOT,580,18,3,15,65,0,0,0,0,0,0,0,0,0,0,0,0,0,,,149,2,0,2025-12-06T15:00:00Z,1165,1175,1130,1150,1200,1200
Maddison,MID,TOT,581,18,3,15,68,0,0,0,0,0,0,0,0,0,0,0,0,0,,,149,2,0,2025-12-06T15:00:00Z,1165,1175,1130,1150,1200,1200
Kudus,MID,TOT,582,18,3,15,64,79,0,0,1,0,0,25,0,0,0,0,0,3,,,149,2,0,2025-12-06T15:00:00Z,1165,1175,1130,1150,1200,1200
Kulusevski,MID,TOT,583,18,3,15,64,0,0,0,0,0,0,0,0,0,0,0,0,0,,,149,2,0,2025-12-06T15:00:00Z,1165,1175,1130,1150,1200,1200
Tel,MID,TOT,584,18,3,15,62,0,0,0,0,0,0,0,0,0,0,0,0,0,,,149,2,0,2025-12-06T15:00:00Z,1165,1175,1130,1150,1200,1200
Bentancur,MID,TOT,585,18,3,15,53,64,0,0,1,0,0,16,0,0,0,0,0,5,,,149,2,0,2025-12-06T15:00:00Z,1165,1175,1130,1150,1200,1200
Bergvall,MID,TOT,586,18,3,15,53,0,0,0,0,0,0,0,0,0,0,0,0,0,,,149,2,0,2025-12-06T15:00:00Z,1165,1175,1130,1150,1200,1200
Bissouma,MID,TOT,587,18,3,15,52,0,0,0,0,0,0,0,0,0,0,0,0,0,,,149,2,0,2025-12-06T15:00:00Z,1165,1175,1130,1150,1200,1200
Odobert,MID,TOT,588,18,3,15,53,16,0,0,0,0,0,3,0,0,0,0,0,1,,,149,2,0,2025-12-06T15:00:00Z,1165,1175,1130,1150,1200,1200
Solomon,MID,TOT,589,18,3,15,54,0,0,0,0,0,0,0,0,0,0,0,0,0,,,149,2,0,2025-12-06T15:00:00Z,1165,1175,1130,1150,1200,1200
Bryan,MID,TOT,590,18,3,15,49,0,0,0,0,0,0,0,0,0,0,0,0,0,,,149,2,0,2025-12-06T15:00:00Z,1165,1175,1130,1150,1200,1200
Gray,MID,TOT,591,18,3,15,48,90,0,0,1,0,0,10,0,1,0,0,0,2,,,149,2,0,2025-12-06T15:00:00Z,1165,1175,1130,1150,1200,1200
Moore,MID,TOT,592,18,3,15,50,0,0,0,0,0,0,0,0,0,0,0,0,0,,,149,2,0,2025-12-06T15:00:00Z,1165,1175,1130,1150,1200,1200
P.M.Sarr,MID,TOT,593,18,3,15,46,10,0,0,0,0,0,2,0,0,0,0,0,1,,,149,2,0,2025-12-06T15:00:00Z,1165,1175,1130,1150,1200,1200
Min-hyeok,MID,TOT,594,18,3,15,45,0,0,0,0,0,0,0,0,0,0,0,0,0,,,149,2,0,2025-12-06T15:00:00Z,1165,1175,1130,1150,1200,1200
Olusesi,MID,TOT,595,18,3,15,43,0,0,0,0,0,0,0,0,0,0,0,0,0,,,149,2,0,2025-12-06T15:00:00Z,1165,1175,1130,1150,1200,1200
Solanke,FWD,TOT,596,18,4,15,72,0,0,0,0,0,0,0,0,0,0,0,0,0,,,149,2,0,2025-12-06T15:00:00Z,1165,1175,1130,1150,1200,1200
Richarlison,FWD,TOT,597,18,4,15,64,90,1,0,1,0,0,37,2,0,0,0,0,8,,,149,2,0,2025-12-06T15:00:00Z,1165,1175,1130,1150,1200,1200
Lankshear,FWD,TOT,598,18,4,15,45,0,0,0,0,0,0,0,0,0,0,0,0,0,,,149,2,0,2025-12-06T15:00:00Z,1165,1175,1130,1150,1200,1200
Scarlett,FWD,TOT,599,18,4,15,43,0,0,0,0,0,0,0,0,0,0,0,0,0,,,149,2,0,2025-12-06T15:00:00Z,1165,1175,1130,1150,1200,1200
Areola,GKP,WHU,600,19,1,15,43,90,0,0,0,1,4,13,0,0,0,0,0,3,,,143,1,1,2025-12-07T14:00:00Z,1075,1075,1050,1050,1100,1100
Foderingham,GKP,WHU,601,19,1,15,40,0,0,0,0,0,0,0,0,0,0,0,0,0,,,143,1,1,2025-12-07T14:00:00Z,1075,1075,1050,1050,1100,1100
Hegyi,GKP,WHU,602,19,1,15,39,0,0,0,0,0,0,0,0,0,0,0,0,0,,,143,1,1,2025-12-07T14:00:00Z,1075,1075,1050,1050,1100,1100
Diouf,DEF,WHU,603,19,2,15,40,82,0,0,1,0,0,19,0,0,0,0,0,6,,,143,1,1,2025-12-07T14:00:00Z,1075,1075,1050,1050,1100,1100
Emerson,DEF,WHU,604,19,2,15,44,0,0,0,0,0,0,0,0,0,0,0,0,0,,,143,1,1,2025-12-07T14:00:00Z,1075,1075,1050,1050,1100,1100
Kilman,DEF,WHU,605,19,2,15,42,90,0,0,0,1,0,6,0,0,0,0,0,4,,,143,1,1,2025-12-07T14:00:00Z,1075,1075,1050,1050,1100,1100
Mavropanos,DEF,WHU,606,19,2,15,44,90,0,0,0,1,0,9,0,0,0,0,0,4,,,143,1,1,2025-12-07T14:00:00Z,1075,1075,1050,1050,1100,1100
N.Aguerd,DEF,WHU,607,19,2,15,44,0,0,0,0,0,0,0,0,0,0,0,0,0,,,143,1,1,2025-12-07T14:00:00Z,1075,1075,1050,1050,1100,1100
Scarles,DEF,WHU,608,19,2,15,43,0,0,0,0,0,0,0,0,0,0,0,0,0,,,143,1,1,2025-12-07T14:00:00Z,1075,1075,1050,1050,1100,1100
Todibo,DEF,WHU,609,19,2,15,43,90,0,0,0,1,0,7,0,0,0,0,0,2,,,143,1,1,2025-12-07T14:00:00Z,1075,1075,1050,1050,1100,1100
Wan-Bissaka,DEF,WHU,610,19,2,15,42,90,0,0,0,1,0,14,0,0,0,0,0,4,,,143,1,1,2025-12-07T14:00:00Z,1075,1075,1050,1050,1100,1100
Casey,DEF,WHU,611,19,2,15,40,0,0,0,0,0,0,0,0,0,0,0,0,0,,,143,1,1,2025-12-07T14:00:00Z,1075,1075,1050,1050,1100,1100
L.Paquetá,MID,WHU,612,19,3,15,59,81,0,0,1,0,0,19,0,0,0,0,0,3,,,143,1,1,2025-12-07T14:00:00Z,1075,1075,1050,1050,1100,1100
Souček,MID,WHU,613,19,3,15,57,8,0,0,0,1,0,2,0,0,0,0,0,1,,,143,1,1,2025-12-07T14:00:00Z,1075,1075,1050,1050,1100,1100
Ward-Prowse,MID,WHU,614,19,3,15,56,0,0,0,0,0,0,0,0,0,0,0,0,0,,,143,1,1,2025-12-07T14:00:00Z,1075,1075,1050,1050,1100,1100
Summerville,MID,WHU,615,19,3,15,55,71,0,0,1,0,0,0,0,0,0,0,0,3,,,143,1,1,2025-12-07T14:00:00Z,1075,1075,1050,1050,1100,1100
Álvarez,MID,WHU,616,19,3,15,49,0,0,0,0,0,0,0,0,0,0,0,0,0,,,143,1,1,2025-12-07T14:00:00Z,1075,1075,1050,1050,1100,1100
Cornet,MID,WHU,617,19,3,15,49,0,0,0,0,0,0,0,0,0,0,0,0,0,,,143,1,1,2025-12-07T14:00:00Z,1075,1075,1050,1050,1100,1100
G.Rodriguez,MID,WHU,618,19,3,15,48,63,0,0,1,0,0,5,0,1,0,0,0,2,,,143,1,1,2025-12-07T14:00:00Z,1075,1075,1050,1050,1100,1100
L.Guilherme,MID,WHU,619,19,3,15,49,0,0,0,0,0,0,0,0,0,0,0,0,0,,,143,1,1,2025-12-07T14:00:00Z,1075,1075,1050,1050,1100,1100
Earthy,MID,WHU,620,19,3,15,45,0,0,0,0,0,0,0,0,0,0,0,0,0,,,143,1,1,2025-12-07T14:00:00Z,1075,1075,1050,1050,1100,1100
Irving,MID,WHU,621,19,3,15,43,0,0,0,0,0,0,0,0,0,0,0,0,0,,,143,1,1,2025-12-07T14:00:00Z,1075,1075,1050,1050,1100,1100
Orford,MID,WHU,622,19,3,15,44,0,0,0,0,0,0,0,0,0,0,0,0,0,,,143,1,1,2025-12-07T14:00:00Z,1075,1075,1050,1050,1100,1100
Potts,MID,WHU,623,19,3,15,44,26,0,0,0,1,0,3,0,1,0,0,0,0,,,143,1,1,2025-12-07T14:00:00Z,1075,1075,1050,1050,1100,1100
Bowen,FWD,WHU,624,19,4,15,76,90,1,0,0,1,0,36,3,0,0,0,0,9,,,143,1,1,2025-12-07T14:00:00Z,1075,1075,1050,1050,1100,1100
Füllkrug,FWD,WHU,625,19,4,15,56,0,0,0,0,0,0,0,0,0,0,0,0,0,,,143,1,1,2025-12-07T14:00:00Z,1075,1075,1050,1050,1100,1100
Marshall,FWD,WHU,626,19,4,15,43,0,0,0,0,0,0,0,0,0,0,0,0,0,,,143,1,1,2025-12-07T14:00:00Z,1075,1075,1050,1050,1100,1100
Johnstone,GKP,WOL,627,20,1,15,44,90,0,0,0,4,4,6,0,0,0,0,0,1,,,150,1,4,2025-12-08T20:00:00Z,1070,1085,1050,1050,1090,1120
José Sá,GKP,WOL,628,20,1,15,42,0,0,0,0,0,0,0,0,0,0,0,0,0,,,150,1,4,2025-12-08T20:00:00Z,1070,1085,1050,1050,1090,1120
Bentley,GKP,WOL,629,20,1,15,39,0,0,0,0,0,0,0,0,0,0,0,0,0,,,150,1,4,2025-12-08T20:00:00Z,1070,1085,1050,1050,1090,1120
King,GKP,EVE,630,9,1,15,39,0,0,0,0,0,0,0,0,0,0,0,0,0,,,144,3,0,2025-12-06T15:00:00Z,1100,1130,1110,1130,1090,1130
Agbadou,DEF,WOL,631,20,2,15,43,90,0,0,0,4,0,12,0,0,0,0,0,2,,,150,1,4,2025-12-08T20:00:00Z,1070,1085,1050,1050,1090,1120
Doherty,DEF,WOL,632,20,2,15,44,0,0,0,0,0,0,0,0,0,0,0,0,0,,,150,1,4,2025-12-08T20:00:00Z,1070,1085,1050,1050,1090,1120
H.Bueno,DEF,WOL,633,20,2,15,43,20,0,0,0,1,0,-3,0,0,0,0,0,1,,,150,1,4,2025-12-08T20:00:00Z,1070,1085,1050,1050,1090,1120
Mosquera,DEF,WOL,634,20,2,15,43,90,0,0,0,4,0,-1,0,1,0,0,0,-1,,,150,1,4,2025-12-08T20:00:00Z,1070,1085,1050,1050,1090,1120
R.Gomes,DEF,WOL,635,20,2,15,44,0,0,0,0,0,0,0,0,0,0,0,0,0,,,150,1,4,2025-12-08T20:00:00Z,1070,1085,1050,1050,1090,1120
S.Bueno,DEF,WOL,636,20,2,15,44,0,0,0,0,0,0,0,0,0,0,0,0,0,,,150,1,4,2025-12-08T20:00:00Z,1070,1085,1050,1050,1090,1120
Toti,DEF,WOL,637,20,2,15,42,69,0,0,0,3,0,7,0,0,0,0,0,1,,,150,1,4,2025-12-08T20:00:00Z,1070,1085,1050,1050,1090,1120
Hoever,DEF,WOL,638,20,2,15,38,85,0,0,0,4,0,3,0,0,0,0,0,0,,,150,1,4,2025-12-08T20:00:00Z,1070,1085,1050,1050,1090,1120
Meupiyou,DEF,WOL,639,20,2,15,40,0,0,0,0,0,0,0,0,0,0,0,0,0,,,150,1,4,2025-12-08T20:00:00Z,1070,1085,1050,1050,1090,1120
Pedro Lima,DEF,WOL,640,20,2,15,40,0,0,0,0,0,0,0,0,0,0,0,0,0,,,150,1,4,2025-12-08T20:00:00Z,1070,1085,1050,1050,1090,1120
Pond,DEF,WOL,641,20,2,15,39,0,0,0,0,0,0,0,0,0,0,0,0,0,,,150,1,4,2025-12-08T20:00:00Z,1070,1085,1050,1050,1090,1120
Hee Chan,MID,WOL,642,20,3,15,56,0,0,0,0,0,0,0,0,0,0,0,0,0,,,150,1,4,2025-12-08T20:00:00Z,1070,1085,1050,1050,1090,1120
André,MID,WOL,643,20,3,15,53,90,0,0,0,4,0,9,0,0,0,0,0,2,,,150,1,4,2025-12-08T20:00:00Z,1070,1085,1050,1050,1090,1120
Bellegarde,MID,WOL,644,20,3,15,52,53,1,0,0,2,0,23,0,0,0,0,0,6,,,150,1,4,2025-12-08T20:00:00Z,1070,1085,1050,1050,1090,1120
Fer López,MID,WOL,645,20,3,15,52,36,0,0,0,2,0,2,0,0,0,0,0,1,,,150,1,4,2025-12-08T20:00:00Z,1070,1085,1050,1050,1090,1120
Gomes,MID,WOL,646,20,3,15,53,0,0,0,0,0,0,0,0,0,0,0,0,0,,,150,1,4,2025-12-08T20:00:00Z,1070,1085,1050,1050,1090,1120
Guedes,MID,WOL,647,20,3,15,55,0,0,0,0,0,0,0,0,0,0,0,0,0,,,150,1,4,2025-12-08T20:00:00Z,1070,1085,1050,1050,1090,1120
Munetsi,MID,WOL,648,20,3,15,53,0,0,0,0,0,0,0,0,0,0,0,0,0,,,150,1,4,2025-12-08T20:00:00Z,1070,1085,1050,1050,1090,1120
B.Traore,MID,WOL,649,20,3,15,50,0,0,0,0,0,0,0,0,0,0,0,0,0,,,150,1,4,2025-12-08T20:00:00Z,1070,1085,1050,1050,1090,1120
Chirewa,MID,WOL,650,20,3,15,43,0,0,0,0,0,0,0,0,0,0,0,0,0,,,150,1,4,2025-12-08T20:00:00Z,1070,1085,1050,1050,1090,1120
Edozie,MID,WOL,651,20,3,15,43,0,0,0,0,0,0,0,0,0,0,0,0,0,,,150,1,4,2025-12-08T20:00:00Z,1070,1085,1050,1050,1090,1120
Gonzalez,MID,WOL,652,20,3,15,43,0,0,0,0,0,0,0,0,0,0,0,0,0,,,150,1,4,2025-12-08T20:00:00Z,1070,1085,1050,1050,1090,1120
Hodge,MID,WOL,653,20,3,15,45,0,0,0,0,0,0,0,0,0,0,0,0,0,,,150,1,4,2025-12-08T20:00:00Z,1070,1085,1050,1050,1090,1120
Strand Larsen,FWD,WOL,654,20,4,15,61,68,0,0,0,3,0,0,0,1,0,0,0,1,,,150,1,4,2025-12-08T20:00:00Z,1070,1085,1050,1050,1090,1120
Fábio Silva,FWD,WOL,655,20,4,15,49,0,0,0,0,0,0,0,0,0,0,0,0,0,,,150,1,4,2025-12-08T20:00:00Z,1070,1085,1050,1050,1090,1120
Kalajdžić,FWD,WOL,656,20,4,15,49,0,0,0,0,0,0,0,0,0,0,0,0,0,,,150,1,4,2025-12-08T20:00:00Z,1070,1085,1050,1050,1090,1120
Chiwome,FWD,WOL,657,20,4,15,44,0,0,0,0,0,0,0,0,0,0,0,0,0,,,150,1,4,2025-12-08T20:00:00Z,1070,1085,1050,1050,1090,1120
Fraser,FWD,WOL,658,20,4,15,43,0,0,0,0,0,0,0,0,0,0,0,0,0,,,150,1,4,2025-12-08T20:00:00Z,1070,1085,1050,1050,1090,1120
Walker-Peters,DEF,WHU,659,19,2,15,42,0,0,0,0,0,0,0,0,0,0,0,0,0,,,143,1,1,2025-12-07T14:00:00Z,1075,1075,1050,1050,1100,1100
Stach,MID,LEE,660,11,3,15,49,90,1,1,0,3,0,46,2,0,0,0,0,12,,,146,3,3,2025-12-06T17:30:00Z,1095,1145,1080,1100,1110,1190
Ekitiké,FWD,LIV,661,12,4,15,90,83,2,0,0,2,0,56,3,0,0,0,0,13,,,146,3,3,2025-12-06T17:30:00Z,1230,1265,1170,1210,1290,1320
Mosquera,DEF,ARS,662,1,2,15,54,0,0,0,0,0,0,0,0,0,0,0,0,0,,,141,2,1,2025-12-06T12:30:00Z,1300,1375,1340,1400,1260,1350
J.Arias,MID,WOL,663,20,3,15,49,69,0,0,0,3,0,9,0,0,0,0,0,2,,,150,1,4,2025-12-08T20:00:00Z,1070,1085,1050,1050,1090,1120
Lecomte,GKP,FUL,664,10,1,15,39,0,0,0,0,0,0,0,0,0,0,0,0,0,,,145,1,2,2025-12-07T16:30:00Z,1090,1130,1080,1140,1100,1120
Perri,GKP,LEE,665,11,1,15,45,90,0,0,0,3,4,9,0,0,0,0,0,2,,,146,3,3,2025-12-06T17:30:00Z,1095,1145,1080,1100,1110,1190
Gyökeres,FWD,ARS,666,1,4,15,88,45,0,0,0,1,0,3,0,0,0,0,0,1,,,141,2,1,2025-12-06T12:30:00Z,1300,1375,1340,1400,1260,1350
Aznou,DEF,EVE,667,9,2,15,42,0,0,0,0,0,0,0,0,0,0,0,0,0,,,144,3,0,2025-12-06T15:00:00Z,1100,1130,1110,1130,1090,1130
Xhaka,MID,SUN,668,17,3,15,52,72,0,0,0,3,0,7,0,0,0,0,0,2,,,147,3,0,2025-12-06T15:00:00Z,1100,1145,1100,1120,1100,1170
Ndoye,MID,NFO,669,16,3,15,55,45,0,0,0,2,0,8,0,0,0,0,0,1,,,144,3,0,2025-12-06T15:00:00Z,1100,1130,1100,1110,1100,1150
Roefs,GKP,SUN,670,17,1,15,48,90,0,0,0,3,2,3,0,0,0,0,0,1,,,147,3,0,2025-12-06T15:00:00Z,1100,1145,1100,1120,1100,1170
Wilson,FWD,WHU,671,19,4,15,58,18,0,1,0,1,0,11,0,0,0,0,0,4,,,143,1,1,2025-12-07T14:00:00Z,1075,1075,1050,1050,1100,1100
Hato,DEF,CHE,672,7,2,15,46,0,0,0,0,0,0,0,0,0,0,0,0,0,,,142,0,0,2025-12-06T15:00:00Z,1180,1190,1140,1160,1220,1220
J.Palhinha,MID,TOT,673,18,3,15,55,25,0,0,0,0,0,6,0,0,0,0,0,1,,,149,2,0,2025-12-06T15:00:00Z,1165,1175,1130,1150,1200,1200
Ramsdale,GKP,NEW,674,15,1,15,48,90,0,0,0,1,2,13,0,0,0,0,0,2,,,148,2,1,2025-12-06T15:00:00Z,1160,1220,1170,1180,1150,1260
Gunn,GKP,NFO,675,16,1,15,40,0,0,0,0,0,0,0,0,0,0,0,0,0,,,144,3,0,2025-12-06T15:00:00Z,1100,1130,1100,1110,1100,1150
Ugochukwu,MID,BUR,676,3,3,15,50,90,0,0,0,2,0,5,0,0,0,0,0,2,,,148,2,1,2025-12-06T15:00:00Z,1055,1095,1010,1090,1100,1100
Guessand,MID,AVL,677,2,3,15,62,0,0,0,0,0,0,0,0,0,0,0,0,0,,,141,2,1,2025-12-06T12:30:00Z,1145,1185,1150,1170,1140,1200
Masuaku,DEF,SUN,678,17,2,15,39,0,0,0,0,0,0,0,0,0,0,0,0,0,,,147,3,0,2025-12-06T15:00:00Z,1100,1145,1100,1120,1100,1170
Hermansen,GKP,WHU,679,19,1,15,43,0,0,0,0,0,0,0,0,0,0,0,0,0,,,143,1,1,2025-12-07T14:00:00Z,1075,1075,1050,1050,1100,1100
Broja,FWD,BUR,680,3,4,15,52,85,0,0,0,2,0,-1,0,0,0,0,0,2,,,148,2,1,2025-12-06T15:00:00Z,1055,1095,1010,1090,1100,1100
Šeško,FWD,MUN,681,14,4,15,72,0,0,0,0,0,0,0,0,0,0,0,0,0,,,150,1,4,2025-12-08T20:00:00Z,1135,1205,1100,1150,1170,1260
Møller Wolfe,DEF,WOL,682,20,2,15,43,90,0,1,0,4,0,1,0,0,0,0,0,3,,,150,1,4,2025-12-08T20:00:00Z,1070,1085,1050,1050,1090,1120
Alderete,DEF,SUN,683,17,2,15,40,90,0,0,0,3,0,-3,0,0,0,0,0,1,,,147,3,0,2025-12-06T15:00:00Z,1100,1145,1100,1120,1100,1170
Thiaw,DEF,NEW,684,15,2,15,50,90,0,0,0,1,0,14,0,0,0,0,0,2,,,148,2,1,2025-12-06T15:00:00Z,1160,1220,1170,1180,1150,1260
Diakité,DEF,BOU,685,4,2,15,44,90,0,0,1,0,0,22,0,0,0,0,0,6,,,142,0,0,2025-12-06T15:00:00Z,1150,1220,1100,1240,1200,1200
Ngumoha,MID,LIV,686,12,3,15,43,0,0,0,0,0,0,0,0,0,0,0,0,0,,,146,3,3,2025-12-06T17:30:00Z,1230,1265,1170,1210,1290,1320
Rees-Dottin,MID,BOU,687,4,3,15,44,0,0,0,0,0,0,0,0,0,0,0,0,0,,,142,0,0,2025-12-06T15:00:00Z,1150,1220,1100,1240,1200,1200
Wright,GKP,AVL,688,2,1,15,39,0,0,0,0,0,0,0,0,0,0,0,0,0,,,141,2,1,2025-12-06T12:30:00Z,1145,1185,1150,1170,1140,1200
Seung soo,MID,NEW,689,15,3,15,44,0,0,0,0,0,0,0,0,0,0,0,0,0,,,148,2,1,2025-12-06T15:00:00Z,1160,1220,1170,1180,1150,1260
Cardines,MID,CRY,690,8,3,15,44,0,0,0,0,0,0,0,0,0,0,0,0,0,,,145,1,2,2025-12-07T16:30:00Z,1165,1205,1150,1150,1180,1260
Calvert-Lewin,FWD,LEE,691,11,4,15,58,90,1,0,0,3,0,9,0,0,0,0,0,6,,,146,3,3,2025-12-06T17:30:00Z,1095,1145,1080,1100,1110,1190
Leoni,DEF,LIV,692,12,2,15,49,0,0,0,0,0,0,0,0,0,0,0,0,0,,,146,3,3,2025-12-06T17:30:00Z,1230,1265,1170,1210,1290,1320
Hutchinson,MID,NFO,693,16,3,15,54,90,0,0,0,3,0,1,0,0,0,0,0,2,,,144,3,0,2025-12-06T15:00:00Z,1100,1130,1100,1110,1100,1150
Mukiele,DEF,SUN,694,17,2,15,42,90,0,0,0,3,0,-2,0,0,0,0,0,1,,,147,3,0,2025-12-06T15:00:00Z,1100,1145,1100,1120,1100,1170
Tchatchoua,DEF,WOL,695,20,2,15,45,4,0,0,0,0,0,5,0,0,0,0,0,1,,,150,1,4,2025-12-08T20:00:00Z,1070,1085,1050,1050,1090,1120
Kalimuendo,FWD,NFO,696,16,4,15,60,0,0,0,0,0,0,0,0,0,0,0,0,0,,,144,3,0,2025-12-06T15:00:00Z,1100,1130,1100,1110,1100,1150
Adli,MID,BOU,697,4,3,15,54,16,0,0,0,0,0,4,0,0,0,0,0,1,,,142,0,0,2025-12-06T15:00:00Z,1150,1220,1100,1240,1200,1200
Okafor,MID,LEE,698,11,3,15,55,64,0,0,0,2,0,3,0,0,0,0,0,2,,,146,3,3,2025-12-06T17:30:00Z,1095,1145,1080,1100,1110,1190
Douglas Luiz,MID,NFO,699,16,3,15,49,0,0,0,0,0,0,0,0,0,0,0,0,0,,,144,3,0,2025-12-06T15:00:00Z,1100,1130,1100,1110,1100,1150
Dowman,MID,ARS,700,1,3,15,43,0,0,0,0,0,0,0,0,0,0,0,0,0,,,141,2,1,2025-12-06T12:30:00Z,1300,1375,1340,1400,1260,1350
Rowe,DEF,AVL,701,2,2,15,40,0,0,0,0,0,0,0,0,0,0,0,0,0,,,141,2,1,2025-12-06T12:30:00Z,1145,1185,1150,1170,1140,1200
Burrowes,MID,AVL,702,2,3,15,44,0,0,0,0,0,0,0,0,0,0,0,0,0,,,141,2,1,2025-12-06T12:30:00Z,1145,1185,1150,1170,1140,1200
Proctor,GKP,AVL,703,2,1,15,39,0,0,0,0,0,0,0,0,0,0,0,0,0,,,141,2,1,2025-12-06T12:30:00Z,1145,1185,1150,1170,1140,1200
Onyango,MID,EVE,704,9,3,15,45,0,0,0,0,0,0,0,0,0,0,0,0,0,,,144,3,0,2025-12-06T15:00:00Z,1100,1130,1110,1130,1090,1130
Campbell,DEF,EVE,705,9,2,15,39,0,0,0,0,0,0,0,0,0,0,0,0,0,,,144,3,0,2025-12-06T15:00:00Z,1100,1130,1110,1130,1090,1130
Justin,DEF,LEE,706,11,2,15,39,0,0,0,0,0,0,0,0,0,0,0,0,0,,,146,3,3,2025-12-06T17:30:00Z,1095,1145,1080,1100,1110,1190
Dibling,MID,EVE,707,9,3,15,53,4,0,0,0,0,0,3,0,0,0,0,0,1,,,144,3,0,2025-12-06T15:00:00Z,1100,1130,1110,1130,1090,1130
M.Fernandes,MID,WHU,708,19,3,15,55,81,0,0,1,0,0,30,0,0,0,0,0,5,,,143,1,1,2025-12-07T14:00:00Z,1075,1075,1050,1050,1100,1100
Krejčí,DEF,WOL,709,20,2,15,45,90,0,0,0,4,0,-8,0,1,0,0,0,1,,,150,1,4,2025-12-08T20:00:00Z,1070,1085,1050,1050,1090,1120
Patterson,DEF,AVL,710,2,2,15,39,0,0,0,0,0,0,0,0,0,0,0,0,0,,,141,2,1,2025-12-06T12:30:00Z,1145,1185,1150,1170,1140,1200
Harriman-Annous,MID,ARS,711,1,3,15,45,0,0,0,0,0,0,0,0,0,0,0,0,0,,,141,2,1,2025-12-06T12:30:00Z,1300,1375,1340,1400,1260,1350
Yeremy,MID,CRY,712,8,3,15,58,90,0,1,0,1,0,29,0,0,0,0,0,5,,,145,1,2,2025-12-07T16:30:00Z,1165,1205,1150,1150,1180,1260
A.Jimenez,DEF,BOU,713,4,2,15,45,73,0,0,1,0,0,16,0,0,0,0,0,6,,,142,0,0,2025-12-06T15:00:00Z,1150,1220,1100,1240,1200,1200
Woltemade,FWD,NEW,714,15,4,15,74,73,0,0,1,0,0,6,0,0,0,0,0,2,,,148,2,1,2025-12-06T15:00:00Z,1160,1220,1170,1180,1150,1260
John,GKP,NFO,715,16,1,15,40,0,0,0,0,0,0,0,0,0,0,0,0,0,,,144,3,0,2025-12-06T15:00:00Z,1100,1130,1100,1110,1100,1150
Savona,DEF,NFO,716,16,2,15,45,45,0,0,0,2,0,-5,0,1,0,0,0,-1,,,144,3,0,2025-12-06T15:00:00Z,1100,1130,1100,1110,1100,1150
Xavi,MID,TOT,717,18,3,15,65,90,1,1,1,0,0,47,3,0,0,0,0,14,,,149,2,0,2025-12-06T15:00:00Z,1165,1175,1130,1150,1200,1200
S.Magassa,MID,WHU,718,19,3,15,50,8,0,0,0,1,0,3,0,0,0,0,0,1,,,143,1,1,2025-12-07T14:00:00Z,1075,1075,1050,1050,1100,1100
Lindelöf,DEF,AVL,719,2,2,15,45,4,0,0,0,0,0,3,0,0,0,0,0,1,,,141,2,1,2025-12-06T12:30:00Z,1145,1185,1150,1170,1140,1200
Tolu,FWD,WOL,720,20,4,15,54,21,0,0,0,1,0,2,0,0,0,0,0,1,,,150,1,4,2025-12-08T20:00:00Z,1070,1085,1050,1050,1090,1120
Milosavljević,DEF,BOU,721,4,2,15,44,0,0,0,0,0,0,0,0,0,0,0,0,0,,,142,0,0,2025-12-06T15:00:00Z,1150,1220,1100,1240,1200,1200
Florentino,MID,BUR,722,3,3,15,50,64,0,0,0,2,0,6,0,0,0,0,0,2,,,148,2,1,2025-12-06T15:00:00Z,1055,1095,1010,1090,1100,1100
Canvot,DEF,CRY,723,8,2,15,45,13,0,0,0,0,0,3,0,0,0,0,0,1,,,145,1,2,2025-12-07T16:30:00Z,1165,1205,1150,1150,1180,1260
Geertruida,DEF,SUN,724,17,2,15,45,90,0,0,0,3,0,12,0,0,0,0,0,1,,,147,3,0,2025-12-06T15:00:00Z,1100,1145,1100,1120,1100,1170
Hincapie,DEF,ARS,725,1,2,15,55,90,0,0,0,2,0,11,0,0,0,0,0,3,,,141,2,1,2025-12-06T12:30:00Z,1300,1375,1340,1400,1260,1350
Kolo Muani,FWD,TOT,726,18,4,15,69,73,0,0,1,0,0,-1,0,0,0,0,0,2,,,149,2,0,2025-12-06T15:00:00Z,1165,1175,1130,1150,1200,1200
Chukwueze,MID,FUL,727,10,3,15,53,75,0,0,0,1,0,10,0,0,0,0,0,2,,,145,1,2,2025-12-07T16:30:00Z,1090,1130,1080,1140,1100,1120
Röhl,MID,EVE,728,9,3,15,50,0,0,0,0,0,0,0,0,0,0,0,0,0,,,144,3,0,2025-12-06T15:00:00Z,1100,1130,1110,1130,1090,1130
Cuiabano,DEF,NFO,729,16,2,15,45,0,0,0,0,0,0,0,0,0,0,0,0,0,,,144,3,0,2025-12-06T15:00:00Z,1100,1130,1100,1110,1100,1150
Brobbey,FWD,SUN,730,17,4,15,55,34,0,0,0,1,0,3,0,0,0,0,0,1,,,147,3,0,2025-12-06T15:00:00Z,1100,1145,1100,1120,1100,1170
Kevin,MID,FUL,731,10,3,15,58,22,0,0,0,1,0,0,0,0,0,0,0,1,,,145,1,2,2025-12-07T16:30:00Z,1090,1130,1080,1140,1100,1120
Uche,FWD,CRY,732,8,4,15,55,24,0,0,0,0,0,1,0,0,0,0,0,1,,,145,1,2,2025-12-07T16:30:00Z,1165,1205,1150,1150,1180,1260
Lammens,GKP,MUN,733,14,1,15,50,90,0,0,0,1,1,8,0,0,0,0,0,2,,,150,1,4,2025-12-08T20:00:00Z,1135,1205,1100,1150,1170,1260
Bakwa,MID,NFO,734,16,3,15,59,0,0,0,0,0,0,0,0,0,0,0,0,0,,,144,3,0,2025-12-06T15:00:00Z,1100,1130,1100,1110,1100,1150
Traoré,MID,SUN,735,17,3,15,55,55,0,0,0,2,0,7,0,0,0,0,0,1,,,147,3,0,2025-12-06T15:00:00Z,1100,1145,1100,1120,1100,1170
Donnarumma,GKP,MCI,736,13,1,15,57,90,0,0,1,0,1,22,0,0,0,0,0,6,,,147,3,0,2025-12-06T15:00:00Z,1250,1305,1210,1230,1290,1380
Kusi-Asare,FWD,FUL,737,10,4,15,45,0,0,0,0,0,0,0,0,0,0,0,0,0,,,145,1,2,2025-12-07T16:30:00Z,1090,1130,1080,1140,1100,1120
Fabianski,GKP,WHU,738,19,1,15,45,0,0,0,0,0,0,0,0,0,0,0,0,0,,,143,1,1,2025-12-07T14:00:00Z,1075,1075,1050,1050,1100,1100
Mukasa,MID,MCI,739,13,3,15,44,0,0,0,0,0,0,0,0,0,0,0,0,0,,,147,3,0,2025-12-06T15:00:00Z,1250,1305,1210,1230,1290,1380
Mfuni,DEF,MCI,740,13,2,15,39,0,0,0,0,0,0,0,0,0,0,0,0,0,,,147,3,0,2025-12-06T15:00:00Z,1250,1305,1210,1230,1290,1380
Gray,FWD,LEE,741,11,4,15,45,0,0,0,0,0,0,0,0,0,0,0,0,0,,,146,3,3,2025-12-06T17:30:00Z,1095,1145,1080,1100,1110,1190
McAidoo,MID,MCI,742,13,3,15,45,0,0,0,0,0,0,0,0,0,0,0,0,0,,,147,3,0,2025-12-06T15:00:00Z,1250,1305,1210,1230,1290,1380
Emenalo,MID,CHE,743,7,3,15,45,0,0,0,0,0,0,0,0,0,0,0,0,0,,,142,0,0,2025-12-06T15:00:00Z,1180,1190,1140,1160,1220,1220
Oriola,MID,BHA,744,6,3,15,45,0,0,0,0,0,0,0,0,0,0,0,0,0,,,143,1,1,2025-12-07T14:00:00Z,1150,1160,1090,1110,1210,1210
Byfield,DEF,TOT,745,18,2,15,40,0,0,0,0,0,0,0,0,0,0,0,0,0,,,149,2,0,2025-12-06T15:00:00Z,1165,1175,1130,1150,1200,1200
Morrison,MID,LIV,746,12,3,15,45,0,0,0,0,0,0,0,0,0,0,0,0,0,,,146,3,3,2025-12-06T17:30:00Z,1230,1265,1170,1210,1290,1320
Mayers,DEF,WHU,747,19,2,15,40,7,0,0,0,1,0,0,0,0,0,0,0,1,,,143,1,1,2025-12-07T14:00:00Z,1075,1075,1050,1050,1100,1100
Dasilva,MID,BRE,748,5,3,15,49,0,0,0,0,0,0,0,0,0,0,0,0,0,,,149,2,0,2025-12-06T15:00:00Z,1135,1175,1100,1110,1170,1240
Mané,FWD,WOL,749,20,4,15,45,20,0,0,0,1,0,7,0,0,0,0,0,1,,,150,1,4,2025-12-08T20:00:00Z,1070,1085,1050,1050,1090,1120
Rowswell,DEF,TOT,750,18,2,15,40,0,0,0,0,0,0,0,0,0,0,0,0,0,,,149,2,0,2025-12-06T15:00:00Z,1165,1175,1130,1150,1200,1200
Akhamrich,MID,TOT,751,18,3,15,45,0,0,0,0,0,0,0,0,0,0,0,0,0,,,149,2,0,2025-12-06T15:00:00Z,1165,1175,1130,1150,1200,1200
Golambeckis,DEF,WHU,752,19,2,15,40,0,0,0,0,0,0,0,0,0,0,0,0,0,,,143,1,1,2025-12-07T14:00:00Z,1075,1075,1050,1050,1100,1100
Ruddy,GKP,NEW,753,15,1,15,40,0,0,0,0,0,0,0,0,0,0,0,0,0,,,148,2,1,2025-12-06T15:00:00Z,1160,1220,1170,1180,1150,1260
George Hemmings,MID,AVL,754,2,3,15,45,0,0,0,0,0,0,0,0,0,0,0,0,0,,,141,2,1,2025-12-06T12:30:00Z,1145,1185,1150,1170,1140,1200
Lacey,MID,MUN,755,14,3,15,45,0,0,0,0,0,0,0,0,0,0,0,0,0,,,150,1,4,2025-12-08T20:00:00Z,1135,1205,1100,1150,1170,1260
DaCosta,MID,BOU,756,4,3,15,45,0,0,0,0,0,0,0,0,0,0,0,0,0,,,142,0,0,2025-12-06T15:00:00Z,1150,1220,1100,1240,1200,1200
Hollingshead,GKP,AVL,757,2,1,15,40,0,0,0,0,0,0,0,0,0,0,0,0,0,,,141,2,1,2025-12-06T12:30:00Z,1145,1185,1150,1170,1140,1200
Mohamadou Kanté,MID,WHU,758,19,3,15,45,0,0,0,0,0,0,0,0,0,0,0,0,0,,,143,1,1,2025-12-07T14:00:00Z,1075,1075,1050,1050,1100,1100
Salmon,DEF,ARS,759,1,2,15,40,0,0,0,0,0,0,0,0,0,0,0,0,0,,,141,2,1,2025-12-06T12:30:00Z,1300,1375,1340,1400,1260,1350
