name,position,team,element,team_id,position_id,GW,value,minutes,goals_scored,assists,clean_sheets,goals_conceded,saves,bps,bonus,yellow_cards,red_cards,penalties_saved,penalties_missed,total_points,was_home,opponent_team,fixture_id,team_h_score,team_a_score,kickoff_time,strength_overall_home,strength_overall_away,strength_attack_home,strength_attack_away,strength_defence_home,strength_defence_away
Raya,GKP,ARS,1,1,1,1,55,90,0,0,1,0,7,38,3,1,0,0,0,10,,,9,0,1,2025-08-17T15:30:00Z,1320,1325,1350,1350,1290,1300
Arrizabalaga,GKP,ARS,2,1,1,1,45,0,0,0,0,0,0,0,0,0,0,0,0,0,,,9,0,1,2025-08-17T15:30:00Z,1320,1325,1350,1350,1290,1300
Hein,GKP,ARS,3,1,1,1,40,0,0,0,0,0,0,0,0,0,0,0,0,0,,,9,0,1,2025-08-17T15:30:00Z,1320,1325,1350,1350,1290,1300
Setford,GKP,ARS,4,1,1,1,40,0,0,0,0,0,0,0,0,0,0,0,0,0,,,9,0,1,2025-08-17T15:30:00Z,1320,1325,1350,1350,1290,1300
Gabriel,DEF,ARS,5,1,2,1,60,90,0,0,1,0,0,23,0,0,0,0,0,6,,,9,0,1,2025-08-17T15:30:00Z,1320,1325,1350,1350,1290,1300
Saliba,DEF,ARS,6,1,2,1,60,90,0,0,1,0,0,25,1,0,0,0,0,9,,,9,0,1,2025-08-17T15:30:00Z,1320,1325,1350,1350,1290,1300
Calafiori,DEF,ARS,7,1,2,1,55,71,1,0,1,0,0,33,2,1,0,0,0,13,,,9,0,1,2025-08-17T15:30:00Z,1320,1325,1350,1350,1290,1300
J.Timber,DEF,ARS,8,1,2,1,55,19,0,0,0,0,0,-3,0,1,0,0,0,0,,,9,0,1,2025-08-17T15:30:00Z,1320,1325,1350,1350,1290,1300
Kiwior,DEF,ARS,9,1,2,1,55,0,0,0,0,0,0,0,0,0,0,0,0,0,,,9,0,1,2025-08-17T15:30:00Z,1320,1325,1350,1350,1290,1300
Lewis-Skelly,DEF,ARS,10,1,2,1,55,18,0,0,0,0,0,-1,0,1,0,0,0,0,,,9,0,1,2025-08-17T15:30:00Z,1320,1325,1350,1350,1290,1300
White,DEF,ARS,11,1,2,1,55,70,0,0,1,0,0,23,0,0,0,0,0,6,,,9,0,1,2025-08-17T15:30:00Z,1320,1325,1350,1350,1290,1300
Zinchenko,DEF,ARS,12,1,2,1,50,0,0,0,0,0,0,0,0,0,0,0,0,0,,,9,0,1,2025-08-17T15:30:00Z,1320,1325,1350,1350,1290,1300
Clarke,DEF,ARS,13,1,2,1,40,0,0,0,0,0,0,0,0,0,0,0,0,0,,,9,0,1,2025-08-17T15:30:00Z,1320,1325,1350,1350,1290,1300
Kacurri,DEF,ARS,14,1,2,1,40,0,0,0,0,0,0,0,0,0,0,0,0,0,,,9,0,1,2025-08-17T15:30:00Z,1320,1325,1350,1350,1290,1300
Nichols,DEF,ARS,15,1,2,1,40,0,0,0,0,0,0,0,0,0,0,0,0,0,,,9,0,1,2025-08-17T15:30:00Z,1320,1325,1350,1350,1290,1300
Saka,MID,ARS,16,1,3,1,100,90,0,0,1,0,0,7,0,0,0,0,0,3,,,9,0,1,2025-08-17T15:30:00Z,1320,1325,1350,1350,1290,1300
Ødegaard,MID,ARS,17,1,3,1,80,90,0,0,1,0,0,16,0,0,0,0,0,5,,,9,0,1,2025-08-17T15:30:00Z,1320,1325,1350,1350,1290,1300
Madueke,MID,ARS,18,1,3,1,70,30,0,0,0,0,0,2,0,0,0,0,0,1,,,9,0,1,2025-08-17T15:30:00Z,1320,1325,1350,1350,1290,1300
Martinelli,MID,ARS,19,1,3,1,70,59,0,0,0,0,0,8,0,0,0,0,0,1,,,9,0,1,2025-08-17T15:30:00Z,1320,1325,1350,1350,1290,1300
Trossard,MID,ARS,20,1,3,1,70,0,0,0,0,0,0,0,0,0,0,0,0,0,,,9,0,1,2025-08-17T15:30:00Z,1320,1325,1350,1350,1290,1300
Rice,MID,ARS,21,1,3,1,65,82,0,1,1,0,0,14,0,0,0,0,0,6,,,9,0,1,2025-08-17T15:30:00Z,1320,1325,1350,1350,1290,1300
Merino,MID,ARS,22,1,3,1,60,7,0,0,0,0,0,2,0,0,0,0,0,1,,,9,0,1,2025-08-17T15:30:00Z,1320,1325,1350,1350,1290,1300
Fábio Vieira,MID,ARS,23,1,3,1,55,0,0,0,0,0,0,0,0,0,0,0,0,0,,,9,0,1,2025-08-17T15:30:00Z,1320,1325,1350,1350,1290,1300
Nørgaard,MID,ARS,24,1,3,1,55,0,0,0,0,0,0,0,0,0,0,0,0,0,,,9,0,1,2025-08-17T15:30:00Z,1320,1325,1350,1350,1290,1300
Nwaneri,MID,ARS,25,1,3,1,55,0,0,0,0,0,0,0,0,0,0,0,0,0,,,9,0,1,2025-08-17T15:30:00Z,1320,1325,1350,1350,1290,1300
Zubimendi,MID,ARS,26,1,3,1,55,90,0,0,1,0,0,15,0,0,0,0,0,5,,,9,0,1,2025-08-17T15:30:00Z,1320,1325,1350,1350,1290,1300
Nelson,MID,ARS,27,1,3,1,50,0,0,0,0,0,0,0,0,0,0,0,0,0,,,9,0,1,2025-08-17T15:30:00Z,1320,1325,1350,1350,1290,1300
Kabia,MID,ARS,28,1,3,1,45,0,0,0,0,0,0,0,0,0,0,0,0,0,,,9,0,1,2025-08-17T15:30:00Z,1320,1325,1350,1350,1290,1300
Sambi,MID,ARS,29,1,3,1,45,0,0,0,0,0,0,0,0,0,0,0,0,0,,,9,0,1,2025-08-17T15:30:00Z,1320,1325,1350,1350,1290,1300
Havertz,FWD,ARS,30,1,4,1,75,30,0,0,0,0,0,4,0,0,0,0,0,1,,,9,0,1,2025-08-17T15:30:00Z,1320,1325,1350,1350,1290,1300
G.Jesus,FWD,ARS,31,1,4,1,65,0,0,0,0,0,0,0,0,0,0,0,0,0,,,9,0,1,2025-08-17T15:30:00Z,1320,1325,1350,1350,1290,1300
Martinez,GKP,AVL,32,2,1,1,50,0,0,0,0,0,0,0,0,0,0,0,0,0,,,2,0,0,2025-08-16T11:30:00Z,1125,1250,1110,1200,1140,1300
M.Bizot,GKP,AVL,33,2,1,1,45,90,0,0,1,0,3,29,0,0,0,0,0,7,,,2,0,0,2025-08-16T11:30:00Z,1125,1250,1110,1200,1140,1300
Gauci,GKP,AVL,34,2,1,1,40,0,0,0,0,0,0,0,0,0,0,0,0,0,,,2,0,0,2025-08-16T11:30:00Z,1125,1250,1110,1200,1140,1300
Marschall,GKP,AVL,35,2,1,1,40,0,0,0,0,0,0,0,0,0,0,0,0,0,,,2,0,0,2025-08-16T11:30:00Z,1125,1250,1110,1200,1140,1300
Cash,DEF,AVL,36,2,2,1,45,90,0,0,1,0,0,25,0,0,0,0,0,8,,,2,0,0,2025-08-16T11:30:00Z,1125,1250,1110,1200,1140,1300
Digne,DEF,AVL,37,2,2,1,45,90,0,0,1,0,0,22,0,0,0,0,0,6,,,2,0,0,2025-08-16T11:30:00Z,1125,1250,1110,1200,1140,1300
Konsa,DEF,AVL,38,2,2,1,45,65,0,0,1,0,0,15,0,0,1,0,0,3,,,2,0,0,2025-08-16T11:30:00Z,1125,1250,1110,1200,1140,1300
Maatsen,DEF,AVL,39,2,2,1,45,0,0,0,0,0,0,0,0,0,0,0,0,0,,,2,0,0,2025-08-16T11:30:00Z,1125,1250,1110,1200,1140,1300
Mings,DEF,AVL,40,2,2,1,45,90,0,0,1,0,0,25,0,0,0,0,0,6,,,2,0,0,2025-08-16T11:30:00Z,1125,1250,1110,1200,1140,1300
Pau,DEF,AVL,41,2,2,1,45,0,0,0,0,0,0,0,0,0,0,0,0,0,,,2,0,0,2025-08-16T11:30:00Z,1125,1250,1110,1200,1140,1300
A.García,DEF,AVL,42,2,2,1,40,0,0,0,0,0,0,0,0,0,0,0,0,0,,,2,0,0,2025-08-16T11:30:00Z,1125,1250,1110,1200,1140,1300
Alex Moreno,DEF,AVL,43,2,2,1,40,0,0,0,0,0,0,0,0,0,0,0,0,0,,,2,0,0,2025-08-16T11:30:00Z,1125,1250,1110,1200,1140,1300
Bogarde,DEF,AVL,44,2,2,1,40,0,0,0,0,0,0,0,0,0,0,0,0,0,,,2,0,0,2025-08-16T11:30:00Z,1125,1250,1110,1200,1140,1300
Sousa,DEF,AVL,45,2,2,1,40,0,0,0,0,0,0,0,0,0,0,0,0,0,,,2,0,0,2025-08-16T11:30:00Z,1125,1250,1110,1200,1140,1300
Yasin,DEF,AVL,46,2,2,1,40,0,0,0,0,0,0,0,0,0,0,0,0,0,,,2,0,0,2025-08-16T11:30:00Z,1125,1250,1110,1200,1140,1300
Rogers,MID,AVL,47,2,3,1,70,90,0,0,1,0,0,7,0,0,0,0,0,3,,,2,0,0,2025-08-16T11:30:00Z,1125,1250,1110,1200,1140,1300
Tielemans,MID,AVL,48,2,3,1,60,90,0,0,1,0,0,5,0,0,0,0,0,3,,,2,0,0,2025-08-16T11:30:00Z,1125,1250,1110,1200,1140,1300
Bailey,MID,AVL,49,2,3,1,55,0,0,0,0,0,0,0,0,0,0,0,0,0,,,2,0,0,2025-08-16T11:30:00Z,1125,1250,1110,1200,1140,1300
Buendía,MID,AVL,50,2,3,1,54,0,0,0,0,0,0,0,0,0,0,0,0,0,,,2,0,0,2025-08-16T11:30:00Z,1125,1250,1110,1200,1140,1300
Iling Jr,MID,AVL,51,2,3,1,55,0,0,0,0,0,0,0,0,0,0,0,0,0,,,2,0,0,2025-08-16T11:30:00Z,1125,1250,1110,1200,1140,1300
J.Ramsey,MID,NEW,52,15,3,1,55,0,0,0,0,0,0,0,0,0,0,0,0,0,,,2,0,0,2025-08-16T11:30:00Z,1185,1245,1130,1170,1240,1320
Malen,MID,AVL,53,2,3,1,54,6,0,0,0,0,0,4,0,0,0,0,0,1,,,2,0,0,2025-08-16T11:30:00Z,1125,1250,1110,1200,1140,1300
McGinn,MID,AVL,54,2,3,1,55,83,0,0,1,0,0,10,0,0,0,0,0,3,,,2,0,0,2025-08-16T11:30:00Z,1125,1250,1110,1200,1140,1300
Barkley,MID,AVL,55,2,3,1,50,0,0,0,0,0,0,0,0,0,0,0,0,0,,,2,0,0,2025-08-16T11:30:00Z,1125,1250,1110,1200,1140,1300
Barrenechea,MID,AVL,56,2,3,1,50,0,0,0,0,0,0,0,0,0,0,0,0,0,,,2,0,0,2025-08-16T11:30:00Z,1125,1250,1110,1200,1140,1300
Dobbin,MID,AVL,57,2,3,1,50,0,0,0,0,0,0,0,0,0,0,0,0,0,,,2,0,0,2025-08-16T11:30:00Z,1125,1250,1110,1200,1140,1300
Kamara,MID,AVL,58,2,3,1,50,90,0,0,1,0,0,13,0,1,0,0,0,2,,,2,0,0,2025-08-16T11:30:00Z,1125,1250,1110,1200,1140,1300
Onana,MID,AVL,59,2,3,1,50,90,0,0,1,0,0,19,0,0,0,0,0,5,,,2,0,0,2025-08-16T11:30:00Z,1125,1250,1110,1200,1140,1300
Broggio,MID,AVL,60,2,3,1,45,0,0,0,0,0,0,0,0,0,0,0,0,0,,,2,0,0,2025-08-16T11:30:00Z,1125,1250,1110,1200,1140,1300
Dendoncker,MID,AVL,61,2,3,1,45,0,0,0,0,0,0,0,0,0,0,0,0,0,,,2,0,0,2025-08-16T11:30:00Z,1125,1250,1110,1200,1140,1300
Jimoh-Aloba,MID,AVL,62,2,3,1,45,0,0,0,0,0,0,0,0,0,0,0,0,0,,,2,0,0,2025-08-16T11:30:00Z,1125,1250,1110,1200,1140,1300
Young,MID,AVL,63,2,3,1,45,0,0,0,0,0,0,0,0,0,0,0,0,0,,,2,0,0,2025-08-16T11:30:00Z,1125,1250,1110,1200,1140,1300
Watkins,FWD,AVL,64,2,4,1,90,90,0,0,1,0,0,12,0,0,0,0,0,2,,,2,0,0,2025-08-16T11:30:00Z,1125,1250,1110,1200,1140,1300
Redmond,FWD,AVL,65,2,4,1,45,0,0,0,0,0,0,0,0,0,0,0,0,0,,,2,0,0,2025-08-16T11:30:00Z,1125,1250,1110,1200,1140,1300
Neto,GKP,BOU,66,4,1,1,45,0,0,0,0,0,0,0,0,0,0,0,0,0,,,1,4,2,2025-08-15T19:00:00Z,1150,1180,1100,1160,1200,1200
Petrović,GKP,BOU,67,4,1,1,45,90,0,0,0,4,6,10,0,0,0,0,0,2,,,1,4,2,2025-08-15T19:00:00Z,1150,1180,1100,1160,1200,1200
Dennis,GKP,BOU,68,4,1,1,40,0,0,0,0,0,0,0,0,0,0,0,0,0,,,1,4,2,2025-08-15T19:00:00Z,1150,1180,1100,1160,1200,1200
McKenna,GKP,BOU,69,4,1,1,40,0,0,0,0,0,0,0,0,0,0,0,0,0,,,1,4,2,2025-08-15T19:00:00Z,1150,1180,1100,1160,1200,1200
Paulsen,GKP,BOU,70,4,1,1,40,0,0,0,0,0,0,0,0,0,0,0,0,0,,,1,4,2,2025-08-15T19:00:00Z,1150,1180,1100,1160,1200,1200
Zabarnyi,DEF,BOU,71,4,2,1,50,0,0,0,0,0,0,0,0,0,0,0,0,0,,,1,4,2,2025-08-15T19:00:00Z,1150,1180,1100,1160,1200,1200
Senesi,DEF,BOU,72,4,2,1,45,90,0,0,0,4,0,1,0,0,0,0,0,2,,,1,4,2,2025-08-15T19:00:00Z,1150,1180,1100,1160,1200,1200
Smith,DEF,BOU,73,4,2,1,45,89,0,0,0,3,0,2,0,0,0,0,0,1,,,1,4,2,2025-08-15T19:00:00Z,1150,1180,1100,1160,1200,1200
Truffert,DEF,BOU,74,4,2,1,45,90,0,0,0,4,0,-1,0,0,0,0,0,0,,,1,4,2,2025-08-15T19:00:00Z,1150,1180,1100,1160,1200,1200
Akinmboni,DEF,BOU,75,4,2,1,40,0,0,0,0,0,0,0,0,0,0,0,0,0,,,1,4,2,2025-08-15T19:00:00Z,1150,1180,1100,1160,1200,1200
Bevan,DEF,BOU,76,4,2,1,40,0,0,0,0,0,0,0,0,0,0,0,0,0,,,1,4,2,2025-08-15T19:00:00Z,1150,1180,1100,1160,1200,1200
Hill,DEF,BOU,77,4,2,1,40,1,0,0,0,1,0,0,0,0,0,0,0,1,,,1,4,2,2025-08-15T19:00:00Z,1150,1180,1100,1160,1200,1200
J.Araujo,DEF,BOU,78,4,2,1,40,0,0,0,0,0,0,0,0,0,0,0,0,0,,,1,4,2,2025-08-15T19:00:00Z,1150,1180,1100,1160,1200,1200
Mepham,DEF,BOU,79,4,2,1,40,0,0,0,0,0,0,0,0,0,0,0,0,0,,,1,4,2,2025-08-15T19:00:00Z,1150,1180,1100,1160,1200,1200
Soler,DEF,BOU,80,4,2,1,40,0,0,0,0,0,0,0,0,0,0,0,0,0,,,1,4,2,2025-08-15T19:00:00Z,1150,1180,1100,1160,1200,1200
Kluivert,MID,BOU,81,4,3,1,70,0,0,0,0,0,0,0,0,0,0,0,0,0,,,1,4,2,2025-08-15T19:00:00Z,1150,1180,1100,1160,1200,1200
Semenyo,MID,BOU,82,4,3,1,71,90,2,0,0,4,0,42,3,0,0,0,0,15,,,1,4,2,2025-08-15T19:00:00Z,1150,1180,1100,1160,1200,1200
O.Dango,MID,BRE,83,5,3,1,60,0,0,0,0,0,0,0,0,0,0,0,0,0,,,1,4,2,2025-08-15T19:00:00Z,1120,1185,1080,1080,1160,1290
Tavernier,MID,BOU,84,4,3,1,55,90,0,0,0,4,0,20,0,0,0,0,0,4,,,1,4,2,2025-08-15T19:00:00Z,1150,1180,1100,1160,1200,1200
Adams,MID,BOU,85,4,3,1,50,90,0,0,0,3,0,11,0,0,0,0,0,4,,,1,4,2,2025-08-15T19:00:00Z,1150,1180,1100,1160,1200,1200
Brooks,MID,BOU,86,4,3,1,50,83,0,1,0,2,0,23,0,1,0,0,0,4,,,1,4,2,2025-08-15T19:00:00Z,1150,1180,1100,1160,1200,1200
Christie,MID,BOU,87,4,3,1,50,0,0,0,0,0,0,0,0,0,0,0,0,0,,,1,4,2,2025-08-15T19:00:00Z,1150,1180,1100,1160,1200,1200
Cook,MID,BOU,88,4,3,1,50,0,0,0,0,0,0,0,0,0,0,0,0,0,,,1,4,2,2025-08-15T19:00:00Z,1150,1180,1100,1160,1200,1200
Philip,MID,BOU,89,4,3,1,50,0,0,0,0,0,0,0,0,0,0,0,0,0,,,1,4,2,2025-08-15T19:00:00Z,1150,1180,1100,1160,1200,1200
Scott,MID,BOU,90,4,3,1,50,73,0,0,0,2,0,7,0,0,0,0,0,2,,,1,4,2,2025-08-15T19:00:00Z,1150,1180,1100,1160,1200,1200
Sinisterra,MID,BOU,91,4,3,1,50,0,0,0,0,0,0,0,0,0,0,0,0,0,,,1,4,2,2025-08-15T19:00:00Z,1150,1180,1100,1160,1200,1200
Faivre,MID,BOU,92,4,3,1,45,0,0,0,0,0,0,0,0,0,0,0,0,0,,,1,4,2,2025-08-15T19:00:00Z,1150,1180,1100,1160,1200,1200
H.Traorè,MID,BOU,93,4,3,1,45,16,0,1,0,2,0,12,0,0,0,0,0,4,,,1,4,2,2025-08-15T19:00:00Z,1150,1180,1100,1160,1200,1200
Sadi,MID,BOU,94,4,3,1,45,0,0,0,0,0,0,0,0,0,0,0,0,0,,,1,4,2,2025-08-15T19:00:00Z,1150,1180,1100,1160,1200,1200
Silcott-Duberry,MID,BOU,95,4,3,1,45,0,0,0,0,0,0,0,0,0,0,0,0,0,,,1,4,2,2025-08-15T19:00:00Z,1150,1180,1100,1160,1200,1200
Winterburn,MID,BOU,96,4,3,1,45,6,0,0,0,2,0,3,0,0,0,0,0,1,,,1,4,2,2025-08-15T19:00:00Z,1150,1180,1100,1160,1200,1200
Evanilson,FWD,BOU,97,4,4,1,70,90,0,0,0,4,0,-1,0,1,0,0,0,1,,,1,4,2,2025-08-15T19:00:00Z,1150,1180,1100,1160,1200,1200
Enes Ünal,FWD,BOU,98,4,4,1,55,0,0,0,0,0,0,0,0,0,0,0,0,0,,,1,4,2,2025-08-15T19:00:00Z,1150,1180,1100,1160,1200,1200
Adu-Adjei,FWD,BOU,99,4,4,1,45,0,0,0,0,0,0,0,0,0,0,0,0,0,,,1,4,2,2025-08-15T19:00:00Z,1150,1180,1100,1160,1200,1200
Kroupi.Jr,FWD,BOU,100,4,4,1,45,1,0,0,0,1,0,2,0,0,0,0,0,1,,,1,4,2,2025-08-15T19:00:00Z,1150,1180,1100,1160,1200,1200
Kelleher,GKP,BRE,101,5,1,1,45,90,0,0,0,3,2,4,0,0,0,0,0,1,,,4,3,1,2025-08-17T13:00:00Z,1120,1185,1080,1080,1160,1290
Balcombe,GKP,BRE,102,5,1,1,40,0,0,0,0,0,0,0,0,0,0,0,0,0,,,4,3,1,2025-08-17T13:00:00Z,1120,1185,1080,1080,1160,1290
Cox,GKP,BRE,103,5,1,1,40,0,0,0,0,0,0,0,0,0,0,0,0,0,,,4,3,1,2025-08-17T13:00:00Z,1120,1185,1080,1080,1160,1290
Eyestone,GKP,BRE,104,5,1,1,40,0,0,0,0,0,0,0,0,0,0,0,0,0,,,4,3,1,2025-08-17T13:00:00Z,1120,1185,1080,1080,1160,1290
Valdimarsson,GKP,BRE,105,5,1,1,40,0,0,0,0,0,0,0,0,0,0,0,0,0,,,4,3,1,2025-08-17T13:00:00Z,1120,1185,1080,1080,1160,1290
Collins,DEF,BRE,106,5,2,1,50,90,0,0,0,3,0,0,0,1,0,0,0,0,,,4,3,1,2025-08-17T13:00:00Z,1120,1185,1080,1080,1160,1290
Lewis-Potter,DEF,BRE,107,5,2,1,50,68,0,0,0,3,0,-8,0,0,0,0,0,1,,,4,3,1,2025-08-17T13:00:00Z,1120,1185,1080,1080,1160,1290
Ajer,DEF,BRE,108,5,2,1,45,0,0,0,0,0,0,0,0,0,0,0,0,0,,,4,3,1,2025-08-17T13:00:00Z,1120,1185,1080,1080,1160,1290
Henry,DEF,BRE,109,5,2,1,45,87,0,0,0,3,0,1,0,0,0,0,0,1,,,4,3,1,2025-08-17T13:00:00Z,1120,1185,1080,1080,1160,1290
Kayode,DEF,BRE,110,5,2,1,45,90,0,0,0,3,0,3,0,0,0,0,0,1,,,4,3,1,2025-08-17T13:00:00Z,1120,1185,1080,1080,1160,1290
Pinnock,DEF,BRE,111,5,2,1,45,0,0,0,0,0,0,0,0,0,0,0,0,0,,,4,3,1,2025-08-17T13:00:00Z,1120,1185,1080,1080,1160,1290
Roerslev,DEF,BRE,112,5,2,1,45,0,0,0,0,0,0,0,0,0,0,0,0,0,,,4,3,1,2025-08-17T13:00:00Z,1120,1185,1080,1080,1160,1290
Van den Berg,DEF,BRE,113,5,2,1,45,90,0,0,0,3,0,6,0,0,0,0,0,3,,,4,3,1,2025-08-17T13:00:00Z,1120,1185,1080,1080,1160,1290
Arthur,DEF,BRE,114,5,2,1,40,0,0,0,0,0,0,0,0,0,0,0,0,0,,,4,3,1,2025-08-17T13:00:00Z,1120,1185,1080,1080,1160,1290
Fredrick,DEF,BRE,115,5,2,1,40,0,0,0,0,0,0,0,0,0,0,0,0,0,,,4,3,1,2025-08-17T13:00:00Z,1120,1185,1080,1080,1160,1290
Hickey,DEF,BRE,116,5,2,1,40,2,0,0,0,0,0,1,0,1,0,0,0,0,,,4,3,1,2025-08-17T13:00:00Z,1120,1185,1080,1080,1160,1290
Ji-soo,DEF,BRE,117,5,2,1,40,0,0,0,0,0,0,0,0,0,0,0,0,0,,,4,3,1,2025-08-17T13:00:00Z,1120,1185,1080,1080,1160,1290
Meghoma,DEF,BRE,118,5,2,1,40,0,0,0,0,0,0,0,0,0,0,0,0,0,,,4,3,1,2025-08-17T13:00:00Z,1120,1185,1080,1080,1160,1290
Mbeumo,MID,MUN,119,14,3,1,80,90,0,0,0,1,0,17,0,0,0,0,0,2,,,9,0,1,2025-08-17T15:30:00Z,1105,1125,1110,1110,1100,1140
Schade,MID,BRE,120,5,3,1,70,45,0,0,0,0,0,1,0,0,0,0,0,1,,,4,3,1,2025-08-17T13:00:00Z,1120,1185,1080,1080,1160,1290
Damsgaard,MID,BRE,121,5,3,1,59,0,0,0,0,0,0,0,0,0,0,0,0,0,,,4,3,1,2025-08-17T13:00:00Z,1120,1185,1080,1080,1160,1290
Milambo,MID,BRE,122,5,3,1,55,45,0,0,0,3,0,5,0,0,0,0,0,1,,,4,3,1,2025-08-17T13:00:00Z,1120,1185,1080,1080,1160,1290
Carvalho,MID,BRE,123,5,3,1,50,90,0,0,0,3,0,7,0,0,0,0,0,2,,,4,3,1,2025-08-17T13:00:00Z,1120,1185,1080,1080,1160,1290
Henderson,MID,BRE,124,5,3,1,50,21,0,0,0,0,0,2,0,0,0,0,0,1,,,4,3,1,2025-08-17T13:00:00Z,1120,1185,1080,1080,1160,1290
Janelt,MID,BRE,125,5,3,1,50,0,0,0,0,0,0,0,0,0,0,0,0,0,,,4,3,1,2025-08-17T13:00:00Z,1120,1185,1080,1080,1160,1290
Jensen,MID,BRE,126,5,3,1,50,68,0,0,0,3,0,10,0,0,0,0,0,2,,,4,3,1,2025-08-17T13:00:00Z,1120,1185,1080,1080,1160,1290
Nunes,MID,BRE,127,5,3,1,50,0,0,0,0,0,0,0,0,0,0,0,0,0,,,4,3,1,2025-08-17T13:00:00Z,1120,1185,1080,1080,1160,1290
Onyeka,MID,BRE,128,5,3,1,50,21,0,1,0,0,0,9,0,0,0,0,0,4,,,4,3,1,2025-08-17T13:00:00Z,1120,1185,1080,1080,1160,1290
Yarmoliuk,MID,BRE,129,5,3,1,50,90,0,0,0,3,0,10,0,0,0,0,0,2,,,4,3,1,2025-08-17T13:00:00Z,1120,1185,1080,1080,1160,1290
Donovan,MID,BRE,130,5,3,1,45,0,0,0,0,0,0,0,0,0,0,0,0,0,,,4,3,1,2025-08-17T13:00:00Z,1120,1185,1080,1080,1160,1290
Konak,MID,BRE,131,5,3,1,45,0,0,0,0,0,0,0,0,0,0,0,0,0,,,4,3,1,2025-08-17T13:00:00Z,1120,1185,1080,1080,1160,1290
Maghoma,MID,BRE,132,5,3,1,45,0,0,0,0,0,0,0,0,0,0,0,0,0,,,4,3,1,2025-08-17T13:00:00Z,1120,1185,1080,1080,1160,1290
Peart-Harris,MID,BRE,133,5,3,1,45,0,0,0,0,0,0,0,0,0,0,0,0,0,,,4,3,1,2025-08-17T13:00:00Z,1120,1185,1080,1080,1160,1290
Trevitt,MID,BRE,134,5,3,1,45,0,0,0,0,0,0,0,0,0,0,0,0,0,,,4,3,1,2025-08-17T13:00:00Z,1120,1185,1080,1080,1160,1290
Wissa,FWD,BRE,135,5,4,1,75,0,0,0,0,0,0,0,0,0,0,0,0,0,,,4,3,1,2025-08-17T13:00:00Z,1120,1185,1080,1080,1160,1290
Thiago,FWD,BRE,136,5,4,1,60,90,1,0,0,3,0,17,0,0,0,0,0,6,,,4,3,1,2025-08-17T13:00:00Z,1120,1185,1080,1080,1160,1290
Morgan,FWD,BRE,137,5,4,1,45,0,0,0,0,0,0,0,0,0,0,0,0,0,,,4,3,1,2025-08-17T13:00:00Z,1120,1185,1080,1080,1160,1290
Steele,GKP,BHA,138,6,1,1,45,0,0,0,0,0,0,0,0,0,0,0,0,0,,,3,1,1,2025-08-16T14:00:00Z,1150,1175,1090,1140,1210,1210
Verbruggen,GKP,BHA,139,6,1,1,45,90,0,0,0,1,1,9,0,0,0,0,0,2,,,3,1,1,2025-08-16T14:00:00Z,1150,1175,1090,1140,1210,1210
McGill,GKP,BHA,140,6,1,1,40,0,0,0,0,0,0,0,0,0,0,0,0,0,,,3,1,1,2025-08-16T14:00:00Z,1150,1175,1090,1140,1210,1210
Rushworth,GKP,BHA,141,6,1,1,40,0,0,0,0,0,0,0,0,0,0,0,0,0,,,3,1,1,2025-08-16T14:00:00Z,1150,1175,1090,1140,1210,1210
Scherpen,GKP,BHA,142,6,1,1,40,0,0,0,0,0,0,0,0,0,0,0,0,0,,,3,1,1,2025-08-16T14:00:00Z,1150,1175,1090,1140,1210,1210
Boscagli,DEF,BHA,143,6,2,1,45,0,0,0,0,0,0,0,0,0,0,0,0,0,,,3,1,1,2025-08-16T14:00:00Z,1150,1175,1090,1140,1210,1210
Coppola,DEF,BHA,144,6,2,1,45,0,0,0,0,0,0,0,0,0,0,0,0,0,,,3,1,1,2025-08-16T14:00:00Z,1150,1175,1090,1140,1210,1210
De Cuyper,DEF,BHA,145,6,2,1,45,90,0,0,0,1,0,8,0,0,0,0,0,2,,,3,1,1,2025-08-16T14:00:00Z,1150,1175,1090,1140,1210,1210
Dunk,DEF,BHA,146,6,2,1,45,90,0,0,0,1,0,16,0,0,0,0,0,2,,,3,1,1,2025-08-16T14:00:00Z,1150,1175,1090,1140,1210,1210
Estupiñan,DEF,BHA,147,6,2,1,45,0,0,0,0,0,0,0,0,0,0,0,0,0,,,3,1,1,2025-08-16T14:00:00Z,1150,1175,1090,1140,1210,1210
F.Kadıoğlu,DEF,BHA,148,6,2,1,45,21,0,0,0,1,0,-5,0,1,0,0,0,0,,,3,1,1,2025-08-16T14:00:00Z,1150,1175,1090,1140,1210,1210
Igor,DEF,BHA,149,6,2,1,45,0,0,0,0,0,0,0,0,0,0,0,0,0,,,3,1,1,2025-08-16T14:00:00Z,1150,1175,1090,1140,1210,1210
Lamptey,DEF,BHA,150,6,2,1,45,0,0,0,0,0,0,0,0,0,0,0,0,0,,,3,1,1,2025-08-16T14:00:00Z,1150,1175,1090,1140,1210,1210
Van Hecke,DEF,BHA,151,6,2,1,45,90,0,0,0,1,0,15,0,0,0,0,0,2,,,3,1,1,2025-08-16T14:00:00Z,1150,1175,1090,1140,1210,1210
Veltman,DEF,BHA,152,6,2,1,45,0,0,0,0,0,0,0,0,0,0,0,0,0,,,3,1,1,2025-08-16T14:00:00Z,1150,1175,1090,1140,1210,1210
Webster,DEF,BHA,153,6,2,1,45,0,0,0,0,0,0,0,0,0,0,0,0,0,,,3,1,1,2025-08-16T14:00:00Z,1150,1175,1090,1140,1210,1210
Cashin,DEF,BHA,154,6,2,1,40,0,0,0,0,0,0,0,0,0,0,0,0,0,,,3,1,1,2025-08-16T14:00:00Z,1150,1175,1090,1140,1210,1210
Slater,DEF,BHA,155,6,2,1,40,0,0,0,0,0,0,0,0,0,0,0,0,0,,,3,1,1,2025-08-16T14:00:00Z,1150,1175,1090,1140,1210,1210
Tasker,DEF,BHA,156,6,2,1,40,0,0,0,0,0,0,0,0,0,0,0,0,0,,,3,1,1,2025-08-16T14:00:00Z,1150,1175,1090,1140,1210,1210
Mitoma,MID,BHA,157,6,3,1,65,82,0,0,1,0,0,-2,0,1,0,0,0,2,,,3,1,1,2025-08-16T14:00:00Z,1150,1175,1090,1140,1210,1210
Georginio,MID,BHA,158,6,3,1,60,68,0,1,1,0,0,15,0,0,0,0,0,6,,,3,1,1,2025-08-16T14:00:00Z,1150,1175,1090,1140,1210,1210
March,MID,BHA,159,6,3,1,59,0,0,0,0,0,0,0,0,0,0,0,0,0,,,3,1,1,2025-08-16T14:00:00Z,1150,1175,1090,1140,1210,1210
Minteh,MID,BHA,160,6,3,1,60,68,0,0,1,0,0,7,0,0,0,0,0,3,,,3,1,1,2025-08-16T14:00:00Z,1150,1175,1090,1140,1210,1210
Enciso,MID,BHA,161,6,3,1,55,0,0,0,0,0,0,0,0,0,0,0,0,0,,,3,1,1,2025-08-16T14:00:00Z,1150,1175,1090,1140,1210,1210
Gruda,MID,BHA,162,6,3,1,55,7,0,0,0,1,0,-2,0,0,0,0,0,1,,,3,1,1,2025-08-16T14:00:00Z,1150,1175,1090,1140,1210,1210
Hinshelwood,MID,BHA,163,6,3,1,54,0,0,0,0,0,0,0,0,0,0,0,0,0,,,3,1,1,2025-08-16T14:00:00Z,1150,1175,1090,1140,1210,1210
O'Riley,MID,BHA,164,6,3,1,55,87,1,0,1,0,0,24,2,0,0,0,0,10,,,3,1,1,2025-08-16T14:00:00Z,1150,1175,1090,1140,1210,1210
Sima,MID,BHA,165,6,3,1,55,0,0,0,0,0,0,0,0,0,0,0,0,0,,,3,1,1,2025-08-16T14:00:00Z,1150,1175,1090,1140,1210,1210
Ayari,MID,BHA,166,6,3,1,50,90,0,0,0,1,0,20,1,0,0,0,0,3,,,3,1,1,2025-08-16T14:00:00Z,1150,1175,1090,1140,1210,1210
Baleba,MID,BHA,167,6,3,1,50,68,0,0,1,0,0,10,0,0,0,0,0,3,,,3,1,1,2025-08-16T14:00:00Z,1150,1175,1090,1140,1210,1210
Buonanotte,MID,BHA,168,6,3,1,50,0,0,0,0,0,0,0,0,0,0,0,0,0,,,3,1,1,2025-08-16T14:00:00Z,1150,1175,1090,1140,1210,1210
Gomez,MID,BHA,169,6,3,1,50,21,0,0,0,1,0,7,0,1,0,0,0,0,,,3,1,1,2025-08-16T14:00:00Z,1150,1175,1090,1140,1210,1210
Milner,MID,BHA,170,6,3,1,50,2,0,0,0,1,0,3,0,0,0,0,0,1,,,3,1,1,2025-08-16T14:00:00Z,1150,1175,1090,1140,1210,1210
Sarmiento,MID,BHA,171,6,3,1,50,0,0,0,0,0,0,0,0,0,0,0,0,0,,,3,1,1,2025-08-16T14:00:00Z,1150,1175,1090,1140,1210,1210
Watson,MID,BHA,172,6,3,1,50,0,0,0,0,0,0,0,0,0,0,0,0,0,,,3,1,1,2025-08-16T14:00:00Z,1150,1175,1090,1140,1210,1210
Wieffer,MID,BHA,173,6,3,1,50,90,0,0,0,1,0,17,0,0,0,0,0,4,,,3,1,1,2025-08-16T14:00:00Z,1150,1175,1090,1140,1210,1210
Yalcouye,MID,BHA,174,6,3,1,50,0,0,0,0,0,0,0,0,0,0,0,0,0,,,3,1,1,2025-08-16T14:00:00Z,1150,1175,1090,1140,1210,1210
Knight,MID,BHA,175,6,3,1,45,0,0,0,0,0,0,0,0,0,0,0,0,0,,,3,1,1,2025-08-16T14:00:00Z,1150,1175,1090,1140,1210,1210
Mazilu,MID,BHA,176,6,3,1,45,0,0,0,0,0,0,0,0,0,0,0,0,0,,,3,1,1,2025-08-16T14:00:00Z,1150,1175,1090,1140,1210,1210
Moran,MID,BHA,177,6,3,1,45,0,0,0,0,0,0,0,0,0,0,0,0,0,,,3,1,1,2025-08-16T14:00:00Z,1150,1175,1090,1140,1210,1210
Welbeck,FWD,BHA,178,6,4,1,65,21,0,0,0,1,0,3,0,0,0,0,0,1,,,3,1,1,2025-08-16T14:00:00Z,1150,1175,1090,1140,1210,1210
Ferguson,FWD,BHA,179,6,4,1,55,0,0,0,0,0,0,0,0,0,0,0,0,0,,,3,1,1,2025-08-16T14:00:00Z,1150,1175,1090,1140,1210,1210
Tzimas,FWD,BHA,180,6,4,1,55,0,0,0,0,0,0,0,0,0,0,0,0,0,,,3,1,1,2025-08-16T14:00:00Z,1150,1175,1090,1140,1210,1210
Kostoulas,FWD,BHA,181,6,4,1,50,0,0,0,0,0,0,0,0,0,0,0,0,0,,,3,1,1,2025-08-16T14:00:00Z,1150,1175,1090,1140,1210,1210
Trafford,GKP,MCI,182,13,1,1,50,90,0,0,1,0,3,31,0,0,0,0,0,7,,,7,0,4,2025-08-16T16:30:00Z,1275,1315,1250,1250,1300,1380
Weiss,GKP,BUR,183,3,1,1,45,0,0,0,0,0,0,0,0,0,0,0,0,0,,,6,3,0,2025-08-16T14:00:00Z,1050,1050,1050,1050,1050,1050
Green,GKP,BUR,184,3,1,1,40,0,0,0,0,0,0,0,0,0,0,0,0,0,,,6,3,0,2025-08-16T14:00:00Z,1050,1050,1050,1050,1050,1050
Hladký,GKP,BUR,185,3,1,1,40,0,0,0,0,0,0,0,0,0,0,0,0,0,,,6,3,0,2025-08-16T14:00:00Z,1050,1050,1050,1050,1050,1050
Roberts,DEF,BUR,186,3,2,1,45,0,0,0,0,0,0,0,0,0,0,0,0,0,,,6,3,0,2025-08-16T14:00:00Z,1050,1050,1050,1050,1050,1050
Walker,DEF,BUR,187,3,2,1,45,90,0,0,0,3,0,-3,0,0,0,0,0,1,,,6,3,0,2025-08-16T14:00:00Z,1050,1050,1050,1050,1050,1050
Delcroix,DEF,BUR,188,3,2,1,40,0,0,0,0,0,0,0,0,0,0,0,0,0,,,6,3,0,2025-08-16T14:00:00Z,1050,1050,1050,1050,1050,1050
Dodgson,DEF,BUR,189,3,2,1,40,0,0,0,0,0,0,0,0,0,0,0,0,0,,,6,3,0,2025-08-16T14:00:00Z,1050,1050,1050,1050,1050,1050
Ekdal,DEF,BUR,190,3,2,1,40,90,0,0,0,3,0,-5,0,0,0,0,0,1,,,6,3,0,2025-08-16T14:00:00Z,1050,1050,1050,1050,1050,1050
Estève,DEF,BUR,191,3,2,1,40,90,0,0,0,3,0,0,0,0,0,0,0,1,,,6,3,0,2025-08-16T14:00:00Z,1050,1050,1050,1050,1050,1050
Hartman,DEF,BUR,192,3,2,1,40,90,0,0,0,3,0,-2,0,0,0,0,0,1,,,6,3,0,2025-08-16T14:00:00Z,1050,1050,1050,1050,1050,1050
Humphreys,DEF,BUR,193,3,2,1,40,0,0,0,0,0,0,0,0,0,0,0,0,0,,,6,3,0,2025-08-16T14:00:00Z,1050,1050,1050,1050,1050,1050
Jordan,DEF,BUR,194,3,2,1,40,0,0,0,0,0,0,0,0,0,0,0,0,0,,,6,3,0,2025-08-16T14:00:00Z,1050,1050,1050,1050,1050,1050
Lucas Pires,DEF,BUR,195,3,2,1,40,0,0,0,0,0,0,0,0,0,0,0,0,0,,,6,3,0,2025-08-16T14:00:00Z,1050,1050,1050,1050,1050,1050
Sambo,DEF,BUR,196,3,2,1,40,0,0,0,0,0,0,0,0,0,0,0,0,0,,,6,3,0,2025-08-16T14:00:00Z,1050,1050,1050,1050,1050,1050
Sonne,DEF,BUR,197,3,2,1,40,73,0,0,0,3,0,-4,0,0,0,0,0,1,,,6,3,0,2025-08-16T14:00:00Z,1050,1050,1050,1050,1050,1050
Tuanzebe,DEF,BUR,198,3,2,1,40,0,0,0,0,0,0,0,0,0,0,0,0,0,,,6,3,0,2025-08-16T14:00:00Z,1050,1050,1050,1050,1050,1050
Worrall,DEF,BUR,199,3,2,1,40,0,0,0,0,0,0,0,0,0,0,0,0,0,,,6,3,0,2025-08-16T14:00:00Z,1050,1050,1050,1050,1050,1050
Anthony,MID,BUR,200,3,3,1,55,84,0,0,0,3,0,9,0,0,0,0,0,2,,,6,3,0,2025-08-16T14:00:00Z,1050,1050,1050,1050,1050,1050
Benson,MID,BUR,201,3,3,1,55,0,0,0,0,0,0,0,0,0,0,0,0,0,,,6,3,0,2025-08-16T14:00:00Z,1050,1050,1050,1050,1050,1050
Bruun Larsen,MID,BUR,202,3,3,1,55,27,0,0,0,1,0,2,0,0,0,0,0,1,,,6,3,0,2025-08-16T14:00:00Z,1050,1050,1050,1050,1050,1050
Boateng,MID,BUR,203,3,3,1,50,0,0,0,0,0,0,0,0,0,0,0,0,0,,,6,3,0,2025-08-16T14:00:00Z,1050,1050,1050,1050,1050,1050
Churlinov,MID,BUR,204,3,3,1,50,0,0,0,0,0,0,0,0,0,0,0,0,0,,,6,3,0,2025-08-16T14:00:00Z,1050,1050,1050,1050,1050,1050
Cullen,MID,BUR,205,3,3,1,50,90,0,0,0,3,0,21,0,0,0,0,0,4,,,6,3,0,2025-08-16T14:00:00Z,1050,1050,1050,1050,1050,1050
Edwards,MID,BUR,206,3,3,1,50,5,0,0,0,0,0,3,0,0,0,0,0,1,,,6,3,0,2025-08-16T14:00:00Z,1050,1050,1050,1050,1050,1050
Hannibal,MID,BUR,207,3,3,1,50,62,0,0,0,2,0,8,0,0,0,0,0,2,,,6,3,0,2025-08-16T14:00:00Z,1050,1050,1050,1050,1050,1050
Koleosho,MID,BUR,208,3,3,1,50,0,0,0,0,0,0,0,0,0,0,0,0,0,,,6,3,0,2025-08-16T14:00:00Z,1050,1050,1050,1050,1050,1050
Laurent,MID,BUR,209,3,3,1,50,62,0,0,0,2,0,11,0,0,0,0,0,2,,,6,3,0,2025-08-16T14:00:00Z,1050,1050,1050,1050,1050,1050
Tchaouna,MID,BUR,210,3,3,1,50,16,0,0,0,0,0,4,0,0,0,0,0,1,,,6,3,0,2025-08-16T14:00:00Z,1050,1050,1050,1050,1050,1050
A.Ramsey,MID,BUR,211,3,3,1,45,0,0,0,0,0,0,0,0,0,0,0,0,0,,,6,3,0,2025-08-16T14:00:00Z,1050,1050,1050,1050,1050,1050
Adewumi,MID,BUR,212,3,3,1,45,0,0,0,0,0,0,0,0,0,0,0,0,0,,,6,3,0,2025-08-16T14:00:00Z,1050,1050,1050,1050,1050,1050
Banel,MID,BUR,213,3,3,1,45,0,0,0,0,0,0,0,0,0,0,0,0,0,,,6,3,0,2025-08-16T14:00:00Z,1050,1050,1050,1050,1050,1050
Trésor,MID,BUR,214,3,3,1,45,0,0,0,0,0,0,0,0,0,0,0,0,0,,,6,3,0,2025-08-16T14:00:00Z,1050,1050,1050,1050,1050,1050
Flemming,FWD,BUR,215,3,4,1,55,16,0,0,0,0,0,3,0,0,0,0,0,1,,,6,3,0,2025-08-16T14:00:00Z,1050,1050,1050,1050,1050,1050
Amdouni,FWD,BUR,216,3,4,1,50,0,0,0,0,0,0,0,0,0,0,0,0,0,,,6,3,0,2025-08-16T14:00:00Z,1050,1050,1050,1050,1050,1050
Foster,FWD,BUR,217,3,4,1,50,73,0,0,0,3,0,6,0,0,0,0,0,2,,,6,3,0,2025-08-16T14:00:00Z,1050,1050,1050,1050,1050,1050
Barnes,FWD,BUR,218,3,4,1,45,0,0,0,0,0,0,0,0,0,0,0,0,0,,,6,3,0,2025-08-16T14:00:00Z,1050,1050,1050,1050,1050,1050
Obafemi,FWD,BUR,219,3,4,1,45,0,0,0,0,0,0,0,0,0,0,0,0,0,,,6,3,0,2025-08-16T14:00:00Z,1050,1050,1050,1050,1050,1050
Sánchez,GKP,CHE,220,7,1,1,50,90,0,0,1,0,4,31,1,0,0,0,0,8,,,8,0,0,2025-08-17T13:00:00Z,1185,1245,1150,1190,1220,1300
Jörgensen,GKP,CHE,221,7,1,1,45,0,0,0,0,0,0,0,0,0,0,0,0,0,,,8,0,0,2025-08-17T13:00:00Z,1185,1245,1150,1190,1220,1300
Penders,GKP,CHE,222,7,1,1,40,0,0,0,0,0,0,0,0,0,0,0,0,0,,,8,0,0,2025-08-17T13:00:00Z,1185,1245,1150,1190,1220,1300
Slonina,GKP,CHE,223,7,1,1,40,0,0,0,0,0,0,0,0,0,0,0,0,0,,,8,0,0,2025-08-17T13:00:00Z,1185,1245,1150,1190,1220,1300
Cucurella,DEF,CHE,224,7,2,1,60,90,0,0,1,0,0,34,2,0,0,0,0,8,,,8,0,0,2025-08-17T13:00:00Z,1185,1245,1150,1190,1220,1300
James,DEF,CHE,225,7,2,1,55,78,0,0,1,0,0,29,0,1,0,0,0,5,,,8,0,0,2025-08-17T13:00:00Z,1185,1245,1150,1190,1220,1300
Chalobah,DEF,CHE,226,7,2,1,50,90,0,0,1,0,0,25,0,0,0,0,0,6,,,8,0,0,2025-08-17T13:00:00Z,1185,1245,1150,1190,1220,1300
Colwill,DEF,CHE,227,7,2,1,49,0,0,0,0,0,0,0,0,0,0,0,0,0,,,8,0,0,2025-08-17T13:00:00Z,1185,1245,1150,1190,1220,1300
Gusto,DEF,CHE,228,7,2,1,50,11,0,0,0,0,0,2,0,0,0,0,0,1,,,8,0,0,2025-08-17T13:00:00Z,1185,1245,1150,1190,1220,1300
B.Badiashile,DEF,CHE,229,7,2,1,45,0,0,0,0,0,0,0,0,0,0,0,0,0,,,8,0,0,2025-08-17T13:00:00Z,1185,1245,1150,1190,1220,1300
Fofana,DEF,CHE,230,7,2,1,45,0,0,0,0,0,0,0,0,0,0,0,0,0,,,8,0,0,2025-08-17T13:00:00Z,1185,1245,1150,1190,1220,1300
M.Sarr,DEF,CHE,231,7,2,1,45,0,0,0,0,0,0,0,0,0,0,0,0,0,,,8,0,0,2025-08-17T13:00:00Z,1185,1245,1150,1190,1220,1300
Tosin,DEF,CHE,232,7,2,1,45,0,0,0,0,0,0,0,0,0,0,0,0,0,,,8,0,0,2025-08-17T13:00:00Z,1185,1245,1150,1190,1220,1300
Acheampong,DEF,CHE,233,7,2,1,40,90,0,0,1,0,0,35,3,0,0,0,0,9,,,8,0,0,2025-08-17T13:00:00Z,1185,1245,1150,1190,1220,1300
Anselmino,DEF,CHE,234,7,2,1,40,0,0,0,0,0,0,0,0,0,0,0,0,0,,,8,0,0,2025-08-17T13:00:00Z,1185,1245,1150,1190,1220,1300
Palmer,MID,CHE,235,7,3,1,105,90,0,0,1,0,0,10,0,0,0,0,0,3,,,8,0,0,2025-08-17T13:00:00Z,1185,1245,1150,1190,1220,1300
Neto,MID,CHE,236,7,3,1,70,90,0,0,1,0,0,18,0,0,0,0,0,3,,,8,0,0,2025-08-17T13:00:00Z,1185,1245,1150,1190,1220,1300
Enzo,MID,CHE,237,7,3,1,65,78,0,0,1,0,0,11,0,0,0,0,0,3,,,8,0,0,2025-08-17T13:00:00Z,1185,1245,1150,1190,1220,1300
Estêvão,MID,CHE,238,7,3,1,65,36,0,0,0,0,0,-3,0,1,0,0,0,0,,,8,0,0,2025-08-17T13:00:00Z,1185,1245,1150,1190,1220,1300
Gittens,MID,CHE,239,7,3,1,65,53,0,0,0,0,0,2,0,0,0,0,0,1,,,8,0,0,2025-08-17T13:00:00Z,1185,1245,1150,1190,1220,1300
Nkunku,MID,CHE,240,7,3,1,60,0,0,0,0,0,0,0,0,0,0,0,0,0,,,8,0,0,2025-08-17T13:00:00Z,1185,1245,1150,1190,1220,1300
Caicedo,MID,CHE,241,7,3,1,55,90,0,0,1,0,0,18,0,0,0,0,0,5,,,8,0,0,2025-08-17T13:00:00Z,1185,1245,1150,1190,1220,1300
Dewsbury-Hall,MID,EVE,242,9,3,1,50,90,0,0,0,1,0,15,0,0,0,0,0,2,,,10,1,0,2025-08-18T19:00:00Z,1100,1115,1140,1140,1060,1090
George,MID,CHE,243,7,3,1,50,0,0,0,0,0,0,0,0,0,0,0,0,0,,,8,0,0,2025-08-17T13:00:00Z,1185,1245,1150,1190,1220,1300
Lavia,MID,CHE,244,7,3,1,50,0,0,0,0,0,0,0,0,0,0,0,0,0,,,8,0,0,2025-08-17T13:00:00Z,1185,1245,1150,1190,1220,1300
Mudryk,MID,CHE,245,7,3,1,50,0,0,0,0,0,0,0,0,0,0,0,0,0,,,8,0,0,2025-08-17T13:00:00Z,1185,1245,1150,1190,1220,1300
Andrey Santos,MID,CHE,246,7,3,1,45,11,0,0,0,0,0,1,0,0,0,0,0,1,,,8,0,0,2025-08-17T13:00:00Z,1185,1245,1150,1190,1220,1300
D.Essugo,MID,CHE,247,7,3,1,45,0,0,0,0,0,0,0,0,0,0,0,0,0,,,8,0,0,2025-08-17T13:00:00Z,1185,1245,1150,1190,1220,1300
Paez,MID,CHE,248,7,3,1,45,0,0,0,0,0,0,0,0,0,0,0,0,0,,,8,0,0,2025-08-17T13:00:00Z,1185,1245,1150,1190,1220,1300
João Pedro,FWD,CHE,249,7,4,1,75,72,0,0,1,0,0,3,0,0,0,0,0,2,,,8,0,0,2025-08-17T13:00:00Z,1185,1245,1150,1190,1220,1300
Delap,FWD,CHE,250,7,4,1,65,17,0,0,0,0,0,4,0,0,0,0,0,1,,,8,0,0,2025-08-17T13:00:00Z,1185,1245,1150,1190,1220,1300
N.Jackson,FWD,CHE,251,7,4,1,65,0,0,0,0,0,0,0,0,0,0,0,0,0,,,8,0,0,2025-08-17T13:00:00Z,1185,1245,1150,1190,1220,1300
Marc Guiu,FWD,SUN,252,17,4,1,45,0,0,0,0,0,0,0,0,0,0,0,0,0,,,5,3,0,2025-08-16T14:00:00Z,1050,1050,1050,1050,1050,1050
Henderson,GKP,CRY,253,8,1,1,50,90,0,0,1,0,2,27,0,0,0,0,0,6,,,8,0,0,2025-08-17T13:00:00Z,1140,1160,1120,1130,1160,1190
Benitez,GKP,CRY,254,8,1,1,40,0,0,0,0,0,0,0,0,0,0,0,0,0,,,8,0,0,2025-08-17T13:00:00Z,1140,1160,1120,1130,1160,1190
Matthews,GKP,CRY,255,8,1,1,40,0,0,0,0,0,0,0,0,0,0,0,0,0,,,8,0,0,2025-08-17T13:00:00Z,1140,1160,1120,1130,1160,1190
Muñoz,DEF,CRY,256,8,2,1,55,90,0,0,1,0,0,17,0,1,0,0,0,5,,,8,0,0,2025-08-17T13:00:00Z,1140,1160,1120,1130,1160,1190
Lacroix,DEF,CRY,257,8,2,1,50,90,0,0,1,0,0,25,0,0,0,0,0,8,,,8,0,0,2025-08-17T13:00:00Z,1140,1160,1120,1130,1160,1190
Mitchell,DEF,CRY,258,8,2,1,50,90,0,0,1,0,0,31,1,0,0,0,0,9,,,8,0,0,2025-08-17T13:00:00Z,1140,1160,1120,1130,1160,1190
Sosa,DEF,CRY,259,8,2,1,50,0,0,0,0,0,0,0,0,0,0,0,0,0,,,8,0,0,2025-08-17T13:00:00Z,1140,1160,1120,1130,1160,1190
Guéhi,DEF,CRY,260,8,2,1,45,90,0,0,1,0,0,22,0,0,0,0,0,6,,,8,0,0,2025-08-17T13:00:00Z,1140,1160,1120,1130,1160,1190
Richards,DEF,CRY,261,8,2,1,45,90,0,0,1,0,0,24,0,0,0,0,0,6,,,8,0,0,2025-08-17T13:00:00Z,1140,1160,1120,1130,1160,1190
Chadi Riad,DEF,CRY,262,8,2,1,40,0,0,0,0,0,0,0,0,0,0,0,0,0,,,8,0,0,2025-08-17T13:00:00Z,1140,1160,1120,1130,1160,1190
Clyne,DEF,CRY,263,8,2,1,40,0,0,0,0,0,0,0,0,0,0,0,0,0,,,8,0,0,2025-08-17T13:00:00Z,1140,1160,1120,1130,1160,1190
Holding,DEF,CRY,264,8,2,1,40,0,0,0,0,0,0,0,0,0,0,0,0,0,,,8,0,0,2025-08-17T13:00:00Z,1140,1160,1120,1130,1160,1190
Kporha,DEF,CRY,265,8,2,1,40,0,0,0,0,0,0,0,0,0,0,0,0,0,,,8,0,0,2025-08-17T13:00:00Z,1140,1160,1120,1130,1160,1190
Eze,MID,CRY,266,8,3,1,75,83,0,0,1,0,0,10,0,0,0,0,0,3,,,8,0,0,2025-08-17T13:00:00Z,1140,1160,1120,1130,1160,1190
Sarr,MID,CRY,267,8,3,1,65,90,0,0,1,0,0,16,0,0,0,0,0,3,,,8,0,0,2025-08-17T13:00:00Z,1140,1160,1120,1130,1160,1190
Doucouré,MID,CRY,268,8,3,1,50,0,0,0,0,0,0,0,0,0,0,0,0,0,,,8,0,0,2025-08-17T13:00:00Z,1140,1160,1120,1130,1160,1190
Esse,MID,CRY,269,8,3,1,50,0,0,0,0,0,0,0,0,0,0,0,0,0,,,8,0,0,2025-08-17T13:00:00Z,1140,1160,1120,1130,1160,1190
Hughes,MID,CRY,270,8,3,1,50,69,0,0,1,0,0,7,0,1,0,0,0,2,,,8,0,0,2025-08-17T13:00:00Z,1140,1160,1120,1130,1160,1190
Kamada,MID,CRY,271,8,3,1,50,0,0,0,0,0,0,0,0,0,0,0,0,0,,,8,0,0,2025-08-17T13:00:00Z,1140,1160,1120,1130,1160,1190
Lerma,MID,CRY,272,8,3,1,50,20,0,0,0,0,0,3,0,0,0,0,0,1,,,8,0,0,2025-08-17T13:00:00Z,1140,1160,1120,1130,1160,1190
Wharton,MID,CRY,273,8,3,1,50,90,0,0,1,0,0,14,0,0,0,0,0,3,,,8,0,0,2025-08-17T13:00:00Z,1140,1160,1120,1130,1160,1190
Agbinone,MID,CRY,274,8,3,1,45,0,0,0,0,0,0,0,0,0,0,0,0,0,,,8,0,0,2025-08-17T13:00:00Z,1140,1160,1120,1130,1160,1190
Ahamada,MID,CRY,275,8,3,1,45,0,0,0,0,0,0,0,0,0,0,0,0,0,,,8,0,0,2025-08-17T13:00:00Z,1140,1160,1120,1130,1160,1190
Devenny,MID,CRY,276,8,3,1,45,6,0,0,0,0,0,5,0,0,0,0,0,1,,,8,0,0,2025-08-17T13:00:00Z,1140,1160,1120,1130,1160,1190
Ebiowei,MID,CRY,277,8,3,1,45,0,0,0,0,0,0,0,0,0,0,0,0,0,,,8,0,0,2025-08-17T13:00:00Z,1140,1160,1120,1130,1160,1190
J.Rak-Sakyi,MID,CRY,278,8,3,1,45,0,0,0,0,0,0,0,0,0,0,0,0,0,,,8,0,0,2025-08-17T13:00:00Z,1140,1160,1120,1130,1160,1190
M.França,MID,CRY,279,8,3,1,45,0,0,0,0,0,0,0,0,0,0,0,0,0,,,8,0,0,2025-08-17T13:00:00Z,1140,1160,1120,1130,1160,1190
Ozoh,MID,CRY,280,8,3,1,45,0,0,0,0,0,0,0,0,0,0,0,0,0,,,8,0,0,2025-08-17T13:00:00Z,1140,1160,1120,1130,1160,1190
Rodney,MID,CRY,281,8,3,1,45,0,0,0,0,0,0,0,0,0,0,0,0,0,,,8,0,0,2025-08-17T13:00:00Z,1140,1160,1120,1130,1160,1190
Umeh,MID,CRY,282,8,3,1,45,0,0,0,0,0,0,0,0,0,0,0,0,0,,,8,0,0,2025-08-17T13:00:00Z,1140,1160,1120,1130,1160,1190
Mateta,FWD,CRY,283,8,4,1,75,90,0,0,1,0,0,7,0,1,0,0,0,1,,,8,0,0,2025-08-17T13:00:00Z,1140,1160,1120,1130,1160,1190
Nketiah,FWD,CRY,284,8,4,1,55,0,0,0,0,0,0,0,0,0,0,0,0,0,,,8,0,0,2025-08-17T13:00:00Z,1140,1160,1120,1130,1160,1190
Édouard,FWD,CRY,285,8,4,1,50,0,0,0,0,0,0,0,0,0,0,0,0,0,,,8,0,0,2025-08-17T13:00:00Z,1140,1160,1120,1130,1160,1190
Marsh,FWD,CRY,286,8,4,1,45,0,0,0,0,0,0,0,0,0,0,0,0,0,,,8,0,0,2025-08-17T13:00:00Z,1140,1160,1120,1130,1160,1190
Pickford,GKP,EVE,287,9,1,1,55,90,0,0,0,1,2,12,0,0,0,0,0,2,,,10,1,0,2025-08-18T19:00:00Z,1100,1115,1140,1140,1060,1090
Travers,GKP,EVE,288,9,1,1,45,0,0,0,0,0,0,0,0,0,0,0,0,0,,,10,1,0,2025-08-18T19:00:00Z,1100,1115,1140,1140,1060,1090
Tyrer,GKP,EVE,289,9,1,1,40,0,0,0,0,0,0,0,0,0,0,0,0,0,,,10,1,0,2025-08-18T19:00:00Z,1100,1115,1140,1140,1060,1090
Branthwaite,DEF,EVE,290,9,2,1,54,0,0,0,0,0,0,0,0,0,0,0,0,0,,,10,1,0,2025-08-18T19:00:00Z,1100,1115,1140,1140,1060,1090
Tarkowski,DEF,EVE,291,9,2,1,55,90,0,0,0,1,0,7,0,0,0,0,0,4,,,10,1,0,2025-08-18T19:00:00Z,1100,1115,1140,1140,1060,1090
Mykolenko,DEF,EVE,292,9,2,1,50,0,0,0,0,0,0,0,0,0,0,0,0,0,,,10,1,0,2025-08-18T19:00:00Z,1100,1115,1140,1140,1060,1090
O'Brien,DEF,EVE,293,9,2,1,50,90,0,0,0,1,0,0,0,0,0,0,0,2,,,10,1,0,2025-08-18T19:00:00Z,1100,1115,1140,1140,1060,1090
Coleman,DEF,EVE,294,9,2,1,45,0,0,0,0,0,0,0,0,0,0,0,0,0,,,10,1,0,2025-08-18T19:00:00Z,1100,1115,1140,1140,1060,1090
Keane,DEF,EVE,295,9,2,1,45,90,0,0,0,1,0,10,0,0,0,0,0,2,,,10,1,0,2025-08-18T19:00:00Z,1100,1115,1140,1140,1060,1090
Patterson,DEF,EVE,296,9,2,1,45,0,0,0,0,0,0,0,0,0,0,0,0,0,,,10,1,0,2025-08-18T19:00:00Z,1100,1115,1140,1140,1060,1090
Dixon,DEF,EVE,297,9,2,1,40,0,0,0,0,0,0,0,0,0,0,0,0,0,,,10,1,0,2025-08-18T19:00:00Z,1100,1115,1140,1140,1060,1090
Welch,DEF,EVE,298,9,2,1,40,0,0,0,0,0,0,0,0,0,0,0,0,0,,,10,1,0,2025-08-18T19:00:00Z,1100,1115,1140,1140,1060,1090
Ndiaye,MID,EVE,299,9,3,1,65,90,0,0,0,1,0,11,0,0,0,0,0,2,,,10,1,0,2025-08-18T19:00:00Z,1100,1115,1140,1140,1060,1090
McNeil,MID,EVE,300,9,3,1,59,0,0,0,0,0,0,0,0,0,0,0,0,0,,,10,1,0,2025-08-18T19:00:00Z,1100,1115,1140,1140,1060,1090
Alcaraz,MID,EVE,301,9,3,1,55,85,0,0,0,1,0,8,0,1,0,0,0,1,,,10,1,0,2025-08-18T19:00:00Z,1100,1115,1140,1140,1060,1090
Gana,MID,EVE,302,9,3,1,55,90,0,0,0,1,0,12,0,0,0,0,0,2,,,10,1,0,2025-08-18T19:00:00Z,1100,1115,1140,1140,1060,1090
Garner,MID,EVE,303,9,3,1,50,90,0,0,0,1,0,16,0,0,0,0,0,2,,,10,1,0,2025-08-18T19:00:00Z,1100,1115,1140,1140,1060,1090
Iroegbunam,MID,EVE,304,9,3,1,50,70,0,0,1,0,0,5,0,1,0,0,0,2,,,10,1,0,2025-08-18T19:00:00Z,1100,1115,1140,1140,1060,1090
Armstrong,MID,EVE,305,9,3,1,45,0,0,0,0,0,0,0,0,0,0,0,0,0,,,10,1,0,2025-08-18T19:00:00Z,1100,1115,1140,1140,1060,1090
Bates,MID,EVE,306,9,3,1,45,0,0,0,0,0,0,0,0,0,0,0,0,0,,,10,1,0,2025-08-18T19:00:00Z,1100,1115,1140,1140,1060,1090
Ebere,MID,EVE,307,9,3,1,45,0,0,0,0,0,0,0,0,0,0,0,0,0,,,10,1,0,2025-08-18T19:00:00Z,1100,1115,1140,1140,1060,1090
Heath,MID,EVE,308,9,3,1,45,0,0,0,0,0,0,0,0,0,0,0,0,0,,,10,1,0,2025-08-18T19:00:00Z,1100,1115,1140,1140,1060,1090
Metcalfe,MID,EVE,309,9,3,1,45,0,0,0,0,0,0,0,0,0,0,0,0,0,,,10,1,0,2025-08-18T19:00:00Z,1100,1115,1140,1140,1060,1090
Barry,FWD,EVE,310,9,4,1,60,4,0,0,0,0,0,3,0,0,0,0,0,1,,,10,1,0,2025-08-18T19:00:00Z,1100,1115,1140,1140,1060,1090
Beto,FWD,EVE,311,9,4,1,55,90,0,0,0,1,0,7,0,0,0,0,0,2,,,10,1,0,2025-08-18T19:00:00Z,1100,1115,1140,1140,1060,1090
Y.Chermiti,FWD,EVE,312,9,4,1,50,0,0,0,0,0,0,0,0,0,0,0,0,0,,,10,1,0,2025-08-18T19:00:00Z,1100,1115,1140,1140,1060,1090
Sherif,FWD,EVE,313,9,4,1,45,0,0,0,0,0,0,0,0,0,0,0,0,0,,,10,1,0,2025-08-18T19:00:00Z,1100,1115,1140,1140,1060,1090
Leno,GKP,FUL,314,10,1,1,50,90,0,0,0,1,3,15,0,0,0,0,0,3,,,3,1,1,2025-08-16T14:00:00Z,1125,1125,1130,1130,1120,1120
Benda,GKP,FUL,315,10,1,1,40,0,0,0,0,0,0,0,0,0,0,0,0,0,,,3,1,1,2025-08-16T14:00:00Z,1125,1125,1130,1130,1120,1120
Robinson,DEF,FUL,316,10,2,1,50,0,0,0,0,0,0,0,0,0,0,0,0,0,,,3,1,1,2025-08-16T14:00:00Z,1125,1125,1130,1130,1120,1120
Andersen,DEF,FUL,317,10,2,1,45,90,0,0,0,1,0,14,0,0,0,0,0,2,,,3,1,1,2025-08-16T14:00:00Z,1125,1125,1130,1130,1120,1120
Bassey,DEF,FUL,318,10,2,1,45,90,0,0,0,1,0,3,0,1,0,0,0,1,,,3,1,1,2025-08-16T14:00:00Z,1125,1125,1130,1130,1120,1120
Castagne,DEF,FUL,319,10,2,1,45,6,0,0,0,0,0,3,0,0,0,0,0,1,,,3,1,1,2025-08-16T14:00:00Z,1125,1125,1130,1130,1120,1120
Diop,DEF,FUL,320,10,2,1,45,0,0,0,0,0,0,0,0,0,0,0,0,0,,,3,1,1,2025-08-16T14:00:00Z,1125,1125,1130,1130,1120,1120
J.Cuenca,DEF,FUL,321,10,2,1,45,83,0,0,0,1,0,10,0,0,0,0,0,2,,,3,1,1,2025-08-16T14:00:00Z,1125,1125,1130,1130,1120,1120
Tete,DEF,FUL,322,10,2,1,45,90,0,0,0,1,0,17,0,0,0,0,0,2,,,3,1,1,2025-08-16T14:00:00Z,1125,1125,1130,1130,1120,1120
Amissah,DEF,FUL,323,10,2,1,40,0,0,0,0,0,0,0,0,0,0,0,0,0,,,3,1,1,2025-08-16T14:00:00Z,1125,1125,1130,1130,1120,1120
Iwobi,MID,FUL,324,10,3,1,65,65,0,0,0,1,0,10,0,0,0,0,0,2,,,3,1,1,2025-08-16T14:00:00Z,1125,1125,1130,1130,1120,1120
Smith Rowe,MID,FUL,325,10,3,1,59,13,0,0,0,0,0,2,0,0,0,0,0,1,,,3,1,1,2025-08-16T14:00:00Z,1125,1125,1130,1130,1120,1120
Adama,MID,FUL,326,10,3,1,55,24,0,0,0,0,0,1,0,0,0,0,0,1,,,3,1,1,2025-08-16T14:00:00Z,1125,1125,1130,1130,1120,1120
Andreas,MID,FUL,327,10,3,1,54,0,0,0,0,0,0,0,0,0,0,0,0,0,,,3,1,1,2025-08-16T14:00:00Z,1125,1125,1130,1130,1120,1120
Sessegnon,MID,FUL,328,10,3,1,55,0,0,0,0,0,0,0,0,0,0,0,0,0,,,3,1,1,2025-08-16T14:00:00Z,1125,1125,1130,1130,1120,1120
Wilson,MID,FUL,329,10,3,1,55,90,0,1,0,1,0,16,0,0,0,0,0,5,,,3,1,1,2025-08-16T14:00:00Z,1125,1125,1130,1130,1120,1120
Berge,MID,FUL,330,10,3,1,50,65,0,0,0,1,0,3,0,0,0,0,0,2,,,3,1,1,2025-08-16T14:00:00Z,1125,1125,1130,1130,1120,1120
Cairney,MID,FUL,331,10,3,1,50,24,0,0,0,0,0,-3,0,1,0,0,0,0,,,3,1,1,2025-08-16T14:00:00Z,1125,1125,1130,1130,1120,1120
Lukić,MID,FUL,332,10,3,1,50,90,0,0,0,1,0,9,0,0,0,0,0,2,,,3,1,1,2025-08-16T14:00:00Z,1125,1125,1130,1130,1120,1120
Godo,MID,FUL,333,10,3,1,45,0,0,0,0,0,0,0,0,0,0,0,0,0,,,3,1,1,2025-08-16T14:00:00Z,1125,1125,1130,1130,1120,1120
Harris,MID,FUL,334,10,3,1,45,0,0,0,0,0,0,0,0,0,0,0,0,0,,,3,1,1,2025-08-16T14:00:00Z,1125,1125,1130,1130,1120,1120
King,MID,FUL,335,10,3,1,45,76,0,0,0,1,0,11,0,0,0,0,0,2,,,3,1,1,2025-08-16T14:00:00Z,1125,1125,1130,1130,1120,1120
Reed,MID,FUL,336,10,3,1,45,0,0,0,0,0,0,0,0,0,0,0,0,0,,,3,1,1,2025-08-16T14:00:00Z,1125,1125,1130,1130,1120,1120
Raúl,FWD,FUL,337,10,4,1,65,65,0,0,0,1,0,0,0,0,0,0,0,2,,,3,1,1,2025-08-16T14:00:00Z,1125,1125,1130,1130,1120,1120
Muniz,FWD,FUL,338,10,4,1,55,24,1,0,0,0,0,25,3,1,0,0,0,7,,,3,1,1,2025-08-16T14:00:00Z,1125,1125,1130,1130,1120,1120
Meslier,GKP,LEE,339,11,1,1,45,0,0,0,0,0,0,0,0,0,0,0,0,0,,,10,1,0,2025-08-18T19:00:00Z,1050,1075,1050,1050,1050,1100
Cairns,GKP,LEE,340,11,1,1,40,0,0,0,0,0,0,0,0,0,0,0,0,0,,,10,1,0,2025-08-18T19:00:00Z,1050,1075,1050,1050,1050,1100
Darlow,GKP,LEE,341,11,1,1,40,0,0,0,0,0,0,0,0,0,0,0,0,0,,,10,1,0,2025-08-18T19:00:00Z,1050,1075,1050,1050,1050,1100
Bogle,DEF,LEE,342,11,2,1,45,90,0,0,1,0,0,20,0,0,0,0,0,6,,,10,1,0,2025-08-18T19:00:00Z,1050,1075,1050,1050,1050,1100
Struijk,DEF,LEE,343,11,2,1,45,90,0,0,1,0,0,29,2,0,0,0,0,8,,,10,1,0,2025-08-18T19:00:00Z,1050,1075,1050,1050,1050,1100
Bijol,DEF,LEE,344,11,2,1,40,0,0,0,0,0,0,0,0,0,0,0,0,0,,,10,1,0,2025-08-18T19:00:00Z,1050,1075,1050,1050,1050,1100
Bornauw,DEF,LEE,345,11,2,1,40,0,0,0,0,0,0,0,0,0,0,0,0,0,,,10,1,0,2025-08-18T19:00:00Z,1050,1075,1050,1050,1050,1100
Byram,DEF,LEE,346,11,2,1,40,0,0,0,0,0,0,0,0,0,0,0,0,0,,,10,1,0,2025-08-18T19:00:00Z,1050,1075,1050,1050,1050,1100
Gudmundsson,DEF,LEE,347,11,2,1,40,90,0,0,1,0,0,35,3,0,0,0,0,9,,,10,1,0,2025-08-18T19:00:00Z,1050,1075,1050,1050,1050,1100
Rodon,DEF,LEE,348,11,2,1,40,90,0,0,1,0,0,26,1,0,0,0,0,7,,,10,1,0,2025-08-18T19:00:00Z,1050,1075,1050,1050,1050,1100
Schmidt,DEF,LEE,349,11,2,1,40,0,0,0,0,0,0,0,0,0,0,0,0,0,,,10,1,0,2025-08-18T19:00:00Z,1050,1075,1050,1050,1050,1100
Aaronson,MID,LEE,350,11,3,1,55,23,0,0,0,0,0,10,0,0,0,0,0,1,,,10,1,0,2025-08-18T19:00:00Z,1050,1075,1050,1050,1050,1100
Gnonto,MID,LEE,351,11,3,1,55,66,0,0,1,0,0,12,0,0,0,0,0,3,,,10,1,0,2025-08-18T19:00:00Z,1050,1075,1050,1050,1050,1100
Harrison,MID,LEE,352,11,3,1,55,12,0,0,0,0,0,3,0,0,0,0,0,1,,,10,1,0,2025-08-18T19:00:00Z,1050,1075,1050,1050,1050,1100
James,MID,LEE,353,11,3,1,55,77,0,0,1,0,0,6,0,0,0,0,0,3,,,10,1,0,2025-08-18T19:00:00Z,1050,1075,1050,1050,1050,1100
Ampadu,MID,LEE,354,11,3,1,50,77,0,0,1,0,0,12,0,0,0,0,0,3,,,10,1,0,2025-08-18T19:00:00Z,1050,1075,1050,1050,1050,1100
Greenwood,MID,LEE,355,11,3,1,50,0,0,0,0,0,0,0,0,0,0,0,0,0,,,10,1,0,2025-08-18T19:00:00Z,1050,1075,1050,1050,1050,1100
Gruev,MID,LEE,356,11,3,1,50,12,0,0,0,0,0,3,0,0,0,0,0,1,,,10,1,0,2025-08-18T19:00:00Z,1050,1075,1050,1050,1050,1100
Ramazani,MID,LEE,357,11,3,1,50,0,0,0,0,0,0,0,0,0,0,0,0,0,,,10,1,0,2025-08-18T19:00:00Z,1050,1075,1050,1050,1050,1100
Tanaka,MID,LEE,358,11,3,1,50,90,0,0,1,0,0,13,0,0,0,0,0,3,,,10,1,0,2025-08-18T19:00:00Z,1050,1075,1050,1050,1050,1100
Crew,MID,LEE,359,11,3,1,45,0,0,0,0,0,0,0,0,0,0,0,0,0,,,10,1,0,2025-08-18T19:00:00Z,1050,1075,1050,1050,1050,1100
Gelhardt,MID,LEE,360,11,3,1,45,0,0,0,0,0,0,0,0,0,0,0,0,0,,,10,1,0,2025-08-18T19:00:00Z,1050,1075,1050,1050,1050,1100
Gyabi,MID,LEE,361,11,3,1,45,0,0,0,0,0,0,0,0,0,0,0,0,0,,,10,1,0,2025-08-18T19:00:00Z,1050,1075,1050,1050,1050,1100
Piroe,FWD,LEE,362,11,4,1,55,77,0,0,1,0,0,4,0,0,0,0,0,2,,,10,1,0,2025-08-18T19:00:00Z,1050,1075,1050,1050,1050,1100
Bamford,FWD,LEE,363,11,4,1,50,0,0,0,0,0,0,0,0,0,0,0,0,0,,,10,1,0,2025-08-18T19:00:00Z,1050,1075,1050,1050,1050,1100
Mateo Joseph,FWD,LEE,364,11,4,1,50,0,0,0,0,0,0,0,0,0,0,0,0,0,,,10,1,0,2025-08-18T19:00:00Z,1050,1075,1050,1050,1050,1100
Nmecha,FWD,LEE,365,11,4,1,50,12,1,0,0,0,0,20,0,0,0,0,0,5,,,10,1,0,2025-08-18T19:00:00Z,1050,1075,1050,1050,1050,1100
A.Becker,GKP,LIV,366,12,1,1,55,90,0,0,0,2,1,8,0,0,0,0,0,1,,,1,4,2,2025-08-15T19:00:00Z,1335,1355,1290,1330,1380,1380
Mamardashvili,GKP,LIV,367,12,1,1,45,0,0,0,0,0,0,0,0,0,0,0,0,0,,,1,4,2,2025-08-15T19:00:00Z,1335,1355,1290,1330,1380,1380
Pécsi,GKP,LIV,368,12,1,1,40,0,0,0,0,0,0,0,0,0,0,0,0,0,,,1,4,2,2025-08-15T19:00:00Z,1335,1355,1290,1330,1380,1380
Woodman,GKP,LIV,369,12,1,1,40,0,0,0,0,0,0,0,0,0,0,0,0,0,,,1,4,2,2025-08-15T19:00:00Z,1335,1355,1290,1330,1380,1380
Frimpong,DEF,LIV,370,12,2,1,60,59,0,0,0,0,0,8,0,0,0,0,0,1,,,1,4,2,2025-08-15T19:00:00Z,1335,1355,1290,1330,1380,1380
Kerkez,DEF,LIV,371,12,2,1,60,59,0,0,0,0,0,5,0,1,0,0,0,0,,,1,4,2,2025-08-15T19:00:00Z,1335,1355,1290,1330,1380,1380
Robertson,DEF,LIV,372,12,2,1,60,30,0,0,0,2,0,-3,0,0,0,0,0,0,,,1,4,2,2025-08-15T19:00:00Z,1335,1355,1290,1330,1380,1380
Virgil,DEF,LIV,373,12,2,1,60,90,0,0,0,2,0,11,0,0,0,0,0,3,,,1,4,2,2025-08-15T19:00:00Z,1335,1355,1290,1330,1380,1380
Konaté,DEF,LIV,374,12,2,1,55,90,0,0,0,2,0,6,0,0,0,0,0,1,,,1,4,2,2025-08-15T19:00:00Z,1335,1355,1290,1330,1380,1380
Bradley,DEF,LIV,375,12,2,1,50,0,0,0,0,0,0,0,0,0,0,0,0,0,,,1,4,2,2025-08-15T19:00:00Z,1335,1355,1290,1330,1380,1380
Gomez,DEF,LIV,376,12,2,1,50,18,0,0,0,1,0,-1,0,0,0,0,0,1,,,1,4,2,2025-08-15T19:00:00Z,1335,1355,1290,1330,1380,1380
Tsimikas,DEF,LIV,377,12,2,1,50,0,0,0,0,0,0,0,0,0,0,0,0,0,,,1,4,2,2025-08-15T19:00:00Z,1335,1355,1290,1330,1380,1380
Nallo,DEF,LIV,378,12,2,1,40,0,0,0,0,0,0,0,0,0,0,0,0,0,,,1,4,2,2025-08-15T19:00:00Z,1335,1355,1290,1330,1380,1380
R.Williams,DEF,LIV,379,12,2,1,40,0,0,0,0,0,0,0,0,0,0,0,0,0,,,1,4,2,2025-08-15T19:00:00Z,1335,1355,1290,1330,1380,1380
Ramsay,DEF,LIV,380,12,2,1,40,0,0,0,0,0,0,0,0,0,0,0,0,0,,,1,4,2,2025-08-15T19:00:00Z,1335,1355,1290,1330,1380,1380
M.Salah,MID,LIV,381,12,3,1,145,90,1,0,0,2,0,36,1,0,0,0,0,8,,,1,4,2,2025-08-15T19:00:00Z,1335,1355,1290,1330,1380,1380
Wirtz,MID,LIV,382,12,3,1,85,81,0,0,0,2,0,14,0,0,0,0,0,2,,,1,4,2,2025-08-15T19:00:00Z,1335,1355,1290,1330,1380,1380
Luis Díaz,MID,LIV,383,12,3,1,80,0,0,0,0,0,0,0,0,0,0,0,0,0,,,1,4,2,2025-08-15T19:00:00Z,1335,1355,1290,1330,1380,1380
Gakpo,MID,LIV,384,12,3,1,75,90,1,0,0,2,0,34,0,0,0,0,0,7,,,1,4,2,2025-08-15T19:00:00Z,1335,1355,1290,1330,1380,1380
Chiesa,MID,LIV,385,12,3,1,65,8,1,0,0,0,0,29,0,0,0,0,0,6,,,1,4,2,2025-08-15T19:00:00Z,1335,1355,1290,1330,1380,1380
Mac Allister,MID,LIV,386,12,3,1,65,71,0,1,0,1,0,27,0,0,0,0,0,5,,,1,4,2,2025-08-15T19:00:00Z,1335,1355,1290,1330,1380,1380
Szoboszlai,MID,LIV,387,12,3,1,65,90,0,0,0,2,0,17,0,0,0,0,0,2,,,1,4,2,2025-08-15T19:00:00Z,1335,1355,1290,1330,1380,1380
C.Jones,MID,LIV,388,12,3,1,55,18,0,0,0,1,0,4,0,0,0,0,0,1,,,1,4,2,2025-08-15T19:00:00Z,1335,1355,1290,1330,1380,1380
Elliott,MID,LIV,389,12,3,1,54,0,0,0,0,0,0,0,0,0,0,0,0,0,,,1,4,2,2025-08-15T19:00:00Z,1335,1355,1290,1330,1380,1380
Gravenberch,MID,LIV,390,12,3,1,55,0,0,0,0,0,0,0,0,0,0,0,0,0,,,1,4,2,2025-08-15T19:00:00Z,1335,1355,1290,1330,1380,1380
Gannon-Doak,MID,BOU,391,4,3,1,50,0,0,0,0,0,0,0,0,0,0,0,0,0,,,1,4,2,2025-08-15T19:00:00Z,1150,1180,1100,1160,1200,1200
Endo,MID,LIV,392,12,3,1,50,30,0,1,0,2,0,15,0,0,0,0,0,4,,,1,4,2,2025-08-15T19:00:00Z,1335,1355,1290,1330,1380,1380
Bajcetic,MID,LIV,393,12,3,1,45,0,0,0,0,0,0,0,0,0,0,0,0,0,,,1,4,2,2025-08-15T19:00:00Z,1335,1355,1290,1330,1380,1380
McConnell,MID,LIV,394,12,3,1,45,0,0,0,0,0,0,0,0,0,0,0,0,0,,,1,4,2,2025-08-15T19:00:00Z,1335,1355,1290,1330,1380,1380
Morton,MID,LIV,395,12,3,1,45,0,0,0,0,0,0,0,0,0,0,0,0,0,,,1,4,2,2025-08-15T19:00:00Z,1335,1355,1290,1330,1380,1380
Nyoni,MID,LIV,396,12,3,1,45,0,0,0,0,0,0,0,0,0,0,0,0,0,,,1,4,2,2025-08-15T19:00:00Z,1335,1355,1290,1330,1380,1380
Darwin,FWD,LIV,397,12,4,1,65,0,0,0,0,0,0,0,0,0,0,0,0,0,,,1,4,2,2025-08-15T19:00:00Z,1335,1355,1290,1330,1380,1380
Danns,FWD,LIV,398,12,4,1,45,0,0,0,0,0,0,0,0,0,0,0,0,0,,,1,4,2,2025-08-15T19:00:00Z,1335,1355,1290,1330,1380,1380
Ederson M.,GKP,MCI,399,13,1,1,54,0,0,0,0,0,0,0,0,0,0,0,0,0,,,7,0,4,2025-08-16T16:30:00Z,1275,1315,1250,1250,1300,1380
Ortega Moreno,GKP,MCI,400,13,1,1,50,0,0,0,0,0,0,0,0,0,0,0,0,0,,,7,0,4,2025-08-16T16:30:00Z,1275,1315,1250,1250,1300,1380
Bettinelli,GKP,MCI,401,13,1,1,40,0,0,0,0,0,0,0,0,0,0,0,0,0,,,7,0,4,2025-08-16T16:30:00Z,1275,1315,1250,1250,1300,1380
Aït-Nouri,DEF,MCI,402,13,2,1,60,90,0,0,1,0,0,33,1,0,0,0,0,9,,,7,0,4,2025-08-16T16:30:00Z,1275,1315,1250,1250,1300,1380
Gvardiol,DEF,MCI,403,13,2,1,59,0,0,0,0,0,0,0,0,0,0,0,0,0,,,7,0,4,2025-08-16T16:30:00Z,1275,1315,1250,1250,1300,1380
Akanji,DEF,MCI,404,13,2,1,55,0,0,0,0,0,0,0,0,0,0,0,0,0,,,7,0,4,2025-08-16T16:30:00Z,1275,1315,1250,1250,1300,1380
Aké,DEF,MCI,405,13,2,1,55,0,0,0,0,0,0,0,0,0,0,0,0,0,,,7,0,4,2025-08-16T16:30:00Z,1275,1315,1250,1250,1300,1380
Khusanov,DEF,MCI,406,13,2,1,55,8,0,0,0,0,0,7,0,0,0,0,0,1,,,7,0,4,2025-08-16T16:30:00Z,1275,1315,1250,1250,1300,1380
Matheus N.,DEF,MCI,407,13,2,1,55,24,0,0,0,0,0,5,0,0,0,0,0,1,,,7,0,4,2025-08-16T16:30:00Z,1275,1315,1250,1250,1300,1380
Rúben,DEF,MCI,408,13,2,1,55,90,0,0,1,0,0,26,0,0,0,0,0,6,,,7,0,4,2025-08-16T16:30:00Z,1275,1315,1250,1250,1300,1380
Stones,DEF,MCI,409,13,2,1,55,81,0,0,1,0,0,28,0,0,0,0,0,6,,,7,0,4,2025-08-16T16:30:00Z,1275,1315,1250,1250,1300,1380
Lewis,DEF,MCI,410,13,2,1,50,65,0,1,1,0,0,41,2,0,0,0,0,11,,,7,0,4,2025-08-16T16:30:00Z,1275,1315,1250,1250,1300,1380
O’Reilly,DEF,MCI,411,13,2,1,50,24,0,0,0,0,0,-2,0,1,0,0,0,0,,,7,0,4,2025-08-16T16:30:00Z,1275,1315,1250,1250,1300,1380
Vitor Reis,DEF,MCI,412,13,2,1,50,0,0,0,0,0,0,0,0,0,0,0,0,0,,,7,0,4,2025-08-16T16:30:00Z,1275,1315,1250,1250,1300,1380
Marmoush,MID,MCI,413,13,3,1,84,24,0,0,0,0,0,3,0,0,0,0,0,1,,,7,0,4,2025-08-16T16:30:00Z,1275,1315,1250,1250,1300,1380
Foden,MID,MCI,414,13,3,1,80,0,0,0,0,0,0,0,0,0,0,0,0,0,,,7,0,4,2025-08-16T16:30:00Z,1275,1315,1250,1250,1300,1380
Savinho,MID,MCI,415,13,3,1,69,0,0,0,0,0,0,0,0,0,0,0,0,0,,,7,0,4,2025-08-16T16:30:00Z,1275,1315,1250,1250,1300,1380
Bernardo,MID,MCI,416,13,3,1,65,65,0,0,1,0,0,25,0,0,0,0,0,3,,,7,0,4,2025-08-16T16:30:00Z,1275,1315,1250,1250,1300,1380
Cherki,MID,MCI,417,13,3,1,65,17,1,0,0,0,0,22,0,0,0,0,0,6,,,7,0,4,2025-08-16T16:30:00Z,1275,1315,1250,1250,1300,1380
Doku,MID,MCI,418,13,3,1,65,65,0,0,1,0,0,4,0,0,0,0,0,3,,,7,0,4,2025-08-16T16:30:00Z,1275,1315,1250,1250,1300,1380
Grealish,MID,EVE,419,9,3,1,65,19,0,0,0,1,0,4,0,0,0,0,0,1,,,10,1,0,2025-08-18T19:00:00Z,1100,1115,1140,1140,1060,1090
Gündoğan,MID,MCI,420,13,3,1,64,0,0,0,0,0,0,0,0,0,0,0,0,0,,,7,0,4,2025-08-16T16:30:00Z,1275,1315,1250,1250,1300,1380
Rodrigo,MID,MCI,421,13,3,1,64,0,0,0,0,0,0,0,0,0,0,0,0,0,,,7,0,4,2025-08-16T16:30:00Z,1275,1315,1250,1250,1300,1380
Kovačić,MID,MCI,422,13,3,1,60,0,0,0,0,0,0,0,0,0,0,0,0,0,,,7,0,4,2025-08-16T16:30:00Z,1275,1315,1250,1250,1300,1380
N.Gonzalez,MID,MCI,423,13,3,1,60,90,0,0,1,0,0,27,0,0,0,0,0,3,,,7,0,4,2025-08-16T16:30:00Z,1275,1315,1250,1250,1300,1380
Bobb,MID,MCI,424,13,3,1,55,90,0,1,1,0,0,25,0,0,0,0,0,6,,,7,0,4,2025-08-16T16:30:00Z,1275,1315,1250,1250,1300,1380
Echeverri,MID,MCI,425,13,3,1,54,0,0,0,0,0,0,0,0,0,0,0,0,0,,,7,0,4,2025-08-16T16:30:00Z,1275,1315,1250,1250,1300,1380
McAtee,MID,NFO,426,16,3,1,55,0,0,0,0,0,0,0,0,0,0,0,0,0,,,7,0,4,2025-08-16T16:30:00Z,1165,1205,1150,1230,1180,1180
Reijnders,MID,MCI,427,13,3,1,56,90,1,1,1,0,0,31,0,1,0,0,0,10,,,7,0,4,2025-08-16T16:30:00Z,1275,1315,1250,1250,1300,1380
Nypan,MID,MCI,428,13,3,1,50,0,0,0,0,0,0,0,0,0,0,0,0,0,,,7,0,4,2025-08-16T16:30:00Z,1275,1315,1250,1250,1300,1380
Phillips,MID,MCI,429,13,3,1,50,0,0,0,0,0,0,0,0,0,0,0,0,0,,,7,0,4,2025-08-16T16:30:00Z,1275,1315,1250,1250,1300,1380
Haaland,FWD,MCI,430,13,4,1,140,72,2,0,1,0,0,49,3,0,0,0,0,13,,,7,0,4,2025-08-16T16:30:00Z,1275,1315,1250,1250,1300,1380
Bayindir,GKP,MUN,431,14,1,1,50,90,0,0,0,1,2,11,0,0,0,0,0,2,,,9,0,1,2025-08-17T15:30:00Z,1105,1125,1110,1110,1100,1140
Onana,GKP,MUN,432,14,1,1,50,0,0,0,0,0,0,0,0,0,0,0,0,0,,,9,0,1,2025-08-17T15:30:00Z,1105,1125,1110,1110,1100,1140
Harrison,GKP,MUN,433,14,1,1,40,0,0,0,0,0,0,0,0,0,0,0,0,0,,,9,0,1,2025-08-17T15:30:00Z,1105,1125,1110,1110,1100,1140
Heaton,GKP,MUN,434,14,1,1,40,0,0,0,0,0,0,0,0,0,0,0,0,0,,,9,0,1,2025-08-17T15:30:00Z,1105,1125,1110,1110,1100,1140
Mee,GKP,MUN,435,14,1,1,40,0,0,0,0,0,0,0,0,0,0,0,0,0,,,9,0,1,2025-08-17T15:30:00Z,1105,1125,1110,1110,1100,1140
De Ligt,DEF,MUN,436,14,2,1,50,90,0,0,0,1,0,16,0,0,0,0,0,4,,,9,0,1,2025-08-17T15:30:00Z,1105,1125,1110,1110,1100,1140
Martinez,DEF,MUN,437,14,2,1,50,0,0,0,0,0,0,0,0,0,0,0,0,0,,,9,0,1,2025-08-17T15:30:00Z,1105,1125,1110,1110,1100,1140
Mazraoui,DEF,MUN,438,14,2,1,50,0,0,0,0,0,0,0,0,0,0,0,0,0,,,9,0,1,2025-08-17T15:30:00Z,1105,1125,1110,1110,1100,1140
D.Leon,DEF,MUN,439,14,2,1,45,0,0,0,0,0,0,0,0,0,0,0,0,0,,,9,0,1,2025-08-17T15:30:00Z,1105,1125,1110,1110,1100,1140
Dalot,DEF,MUN,440,14,2,1,45,54,0,0,0,1,0,2,0,0,0,0,0,1,,,9,0,1,2025-08-17T15:30:00Z,1105,1125,1110,1110,1100,1140
Dorgu,DEF,MUN,441,14,2,1,45,90,0,0,0,1,0,4,0,1,0,0,0,1,,,9,0,1,2025-08-17T15:30:00Z,1105,1125,1110,1110,1100,1140
Maguire,DEF,MUN,442,14,2,1,45,10,0,0,0,0,0,2,0,0,0,0,0,1,,,9,0,1,2025-08-17T15:30:00Z,1105,1125,1110,1110,1100,1140
Shaw,DEF,MUN,443,14,2,1,45,79,0,0,0,1,0,7,0,0,0,0,0,2,,,9,0,1,2025-08-17T15:30:00Z,1105,1125,1110,1110,1100,1140
Yoro,DEF,MUN,444,14,2,1,45,90,0,0,0,1,0,11,0,0,0,0,0,4,,,9,0,1,2025-08-17T15:30:00Z,1105,1125,1110,1110,1100,1140
Amass,DEF,MUN,445,14,2,1,40,0,0,0,0,0,0,0,0,0,0,0,0,0,,,9,0,1,2025-08-17T15:30:00Z,1105,1125,1110,1110,1100,1140
Fredricson,DEF,MUN,446,14,2,1,40,0,0,0,0,0,0,0,0,0,0,0,0,0,,,9,0,1,2025-08-17T15:30:00Z,1105,1125,1110,1110,1100,1140
Heaven,DEF,MUN,447,14,2,1,40,0,0,0,0,0,0,0,0,0,0,0,0,0,,,9,0,1,2025-08-17T15:30:00Z,1105,1125,1110,1110,1100,1140
Malacia,DEF,MUN,448,14,2,1,40,0,0,0,0,0,0,0,0,0,0,0,0,0,,,9,0,1,2025-08-17T15:30:00Z,1105,1125,1110,1110,1100,1140
B.Fernandes,MID,MUN,449,14,3,1,90,90,0,0,0,1,0,19,0,0,0,0,0,2,,,9,0,1,2025-08-17T15:30:00Z,1105,1125,1110,1110,1100,1140
Cunha,MID,MUN,450,14,3,1,80,90,0,0,0,1,0,16,0,0,0,0,0,2,,,9,0,1,2025-08-17T15:30:00Z,1105,1125,1110,1110,1100,1140
Rashford,MID,MUN,451,14,3,1,70,0,0,0,0,0,0,0,0,0,0,0,0,0,,,9,0,1,2025-08-17T15:30:00Z,1105,1125,1110,1110,1100,1140
Amad,MID,MUN,452,14,3,1,65,35,0,0,0,0,0,12,0,0,0,0,0,1,,,9,0,1,2025-08-17T15:30:00Z,1105,1125,1110,1110,1100,1140
Garnacho,MID,MUN,453,14,3,1,65,0,0,0,0,0,0,0,0,0,0,0,0,0,,,9,0,1,2025-08-17T15:30:00Z,1105,1125,1110,1110,1100,1140
Antony,MID,MUN,454,14,3,1,60,0,0,0,0,0,0,0,0,0,0,0,0,0,,,9,0,1,2025-08-17T15:30:00Z,1105,1125,1110,1110,1100,1140
Mount,MID,MUN,455,14,3,1,60,64,0,0,0,1,0,9,0,0,0,0,0,2,,,9,0,1,2025-08-17T15:30:00Z,1105,1125,1110,1110,1100,1140
Sancho,MID,MUN,456,14,3,1,60,0,0,0,0,0,0,0,0,0,0,0,0,0,,,9,0,1,2025-08-17T15:30:00Z,1105,1125,1110,1110,1100,1140
Casemiro,MID,MUN,457,14,3,1,55,64,0,0,0,1,0,15,0,0,0,0,0,2,,,9,0,1,2025-08-17T15:30:00Z,1105,1125,1110,1110,1100,1140
Mainoo,MID,MUN,458,14,3,1,50,0,0,0,0,0,0,0,0,0,0,0,0,0,,,9,0,1,2025-08-17T15:30:00Z,1105,1125,1110,1110,1100,1140
Ugarte,MID,MUN,459,14,3,1,50,25,0,0,0,0,0,0,0,0,0,0,0,1,,,9,0,1,2025-08-17T15:30:00Z,1105,1125,1110,1110,1100,1140
Collyer,MID,MUN,460,14,3,1,45,0,0,0,0,0,0,0,0,0,0,0,0,0,,,9,0,1,2025-08-17T15:30:00Z,1105,1125,1110,1110,1100,1140
Fitzgerald,MID,MUN,461,14,3,1,45,0,0,0,0,0,0,0,0,0,0,0,0,0,,,9,0,1,2025-08-17T15:30:00Z,1105,1125,1110,1110,1100,1140
J.Fletcher,MID,MUN,462,14,3,1,45,0,0,0,0,0,0,0,0,0,0,0,0,0,,,9,0,1,2025-08-17T15:30:00Z,1105,1125,1110,1110,1100,1140
Kone,MID,MUN,463,14,3,1,45,0,0,0,0,0,0,0,0,0,0,0,0,0,,,9,0,1,2025-08-17T15:30:00Z,1105,1125,1110,1110,1100,1140
Moorhouse,MID,MUN,464,14,3,1,45,0,0,0,0,0,0,0,0,0,0,0,0,0,,,9,0,1,2025-08-17T15:30:00Z,1105,1125,1110,1110,1100,1140
Højlund,FWD,MUN,465,14,4,1,64,0,0,0,0,0,0,0,0,0,0,0,0,0,,,9,0,1,2025-08-17T15:30:00Z,1105,1125,1110,1110,1100,1140
Zirkzee,FWD,MUN,466,14,4,1,60,0,0,0,0,0,0,0,0,0,0,0,0,0,,,9,0,1,2025-08-17T15:30:00Z,1105,1125,1110,1110,1100,1140
Obi,FWD,MUN,467,14,4,1,45,0,0,0,0,0,0,0,0,0,0,0,0,0,,,9,0,1,2025-08-17T15:30:00Z,1105,1125,1110,1110,1100,1140
Wheatley,FWD,MUN,468,14,4,1,45,0,0,0,0,0,0,0,0,0,0,0,0,0,,,9,0,1,2025-08-17T15:30:00Z,1105,1125,1110,1110,1100,1140
Pope,GKP,NEW,469,15,1,1,50,90,0,0,1,0,3,32,2,0,0,0,0,9,,,2,0,0,2025-08-16T11:30:00Z,1185,1245,1130,1170,1240,1320
Dúbravka,GKP,BUR,470,3,1,1,40,90,0,0,0,3,3,5,0,0,0,0,0,2,,,6,3,0,2025-08-16T14:00:00Z,1050,1050,1050,1050,1050,1050
Gillespie,GKP,NEW,471,15,1,1,40,0,0,0,0,0,0,0,0,0,0,0,0,0,,,2,0,0,2025-08-16T11:30:00Z,1185,1245,1130,1170,1240,1320
Odysseas,GKP,NEW,472,15,1,1,40,0,0,0,0,0,0,0,0,0,0,0,0,0,,,2,0,0,2025-08-16T11:30:00Z,1185,1245,1130,1170,1240,1320
Hall,DEF,NEW,473,15,2,1,55,0,0,0,0,0,0,0,0,0,0,0,0,0,,,2,0,0,2025-08-16T11:30:00Z,1185,1245,1130,1170,1240,1320
Schär,DEF,NEW,474,15,2,1,55,90,0,0,1,0,0,26,0,0,0,0,0,8,,,2,0,0,2025-08-16T11:30:00Z,1185,1245,1130,1170,1240,1320
Botman,DEF,NEW,475,15,2,1,50,0,0,0,0,0,0,0,0,0,0,0,0,0,,,2,0,0,2025-08-16T11:30:00Z,1185,1245,1130,1170,1240,1320
Burn,DEF,NEW,476,15,2,1,50,90,0,0,1,0,0,30,1,0,0,0,0,9,,,2,0,0,2025-08-16T11:30:00Z,1185,1245,1130,1170,1240,1320
Livramento,DEF,NEW,477,15,2,1,50,90,0,0,1,0,0,33,3,0,0,0,0,9,,,2,0,0,2025-08-16T11:30:00Z,1185,1245,1130,1170,1240,1320
Trippier,DEF,NEW,478,15,2,1,50,90,0,0,1,0,0,26,0,0,0,0,0,6,,,2,0,0,2025-08-16T11:30:00Z,1185,1245,1130,1170,1240,1320
Krafth,DEF,NEW,479,15,2,1,45,0,0,0,0,0,0,0,0,0,0,0,0,0,,,2,0,0,2025-08-16T11:30:00Z,1185,1245,1130,1170,1240,1320
Lascelles,DEF,NEW,480,15,2,1,45,0,0,0,0,0,0,0,0,0,0,0,0,0,,,2,0,0,2025-08-16T11:30:00Z,1185,1245,1130,1170,1240,1320
A.Murphy,DEF,NEW,481,15,2,1,40,0,0,0,0,0,0,0,0,0,0,0,0,0,,,2,0,0,2025-08-16T11:30:00Z,1185,1245,1130,1170,1240,1320
Ashby,DEF,NEW,482,15,2,1,40,0,0,0,0,0,0,0,0,0,0,0,0,0,,,2,0,0,2025-08-16T11:30:00Z,1185,1245,1130,1170,1240,1320
Pivas,DEF,NEW,483,15,2,1,40,0,0,0,0,0,0,0,0,0,0,0,0,0,,,2,0,0,2025-08-16T11:30:00Z,1185,1245,1130,1170,1240,1320
Targett,DEF,NEW,484,15,2,1,40,0,0,0,0,0,0,0,0,0,0,0,0,0,,,2,0,0,2025-08-16T11:30:00Z,1185,1245,1130,1170,1240,1320
Gordon,MID,NEW,485,15,3,1,75,90,0,0,1,0,0,4,0,0,0,0,0,3,,,2,0,0,2025-08-16T11:30:00Z,1185,1245,1130,1170,1240,1320
Elanga,MID,NEW,486,15,3,1,70,77,0,0,1,0,0,10,0,0,0,0,0,3,,,2,0,0,2025-08-16T11:30:00Z,1185,1245,1130,1170,1240,1320
Barnes,MID,NEW,487,15,3,1,65,89,0,0,1,0,0,15,0,0,0,0,0,3,,,2,0,0,2025-08-16T11:30:00Z,1185,1245,1130,1170,1240,1320
Bruno G.,MID,NEW,488,15,3,1,65,90,0,0,1,0,0,11,0,0,0,0,0,3,,,2,0,0,2025-08-16T11:30:00Z,1185,1245,1130,1170,1240,1320
J.Murphy,MID,NEW,489,15,3,1,64,12,0,0,0,0,0,3,0,0,0,0,0,1,,,2,0,0,2025-08-16T11:30:00Z,1185,1245,1130,1170,1240,1320
Joelinton,MID,NEW,490,15,3,1,60,82,0,0,1,0,0,7,0,1,0,0,0,2,,,2,0,0,2025-08-16T11:30:00Z,1185,1245,1130,1170,1240,1320
Tonali,MID,NEW,491,15,3,1,55,90,0,0,1,0,0,20,0,0,0,0,0,3,,,2,0,0,2025-08-16T11:30:00Z,1185,1245,1130,1170,1240,1320
Antoñito C.,MID,NEW,492,15,3,1,50,0,0,0,0,0,0,0,0,0,0,0,0,0,,,2,0,0,2025-08-16T11:30:00Z,1185,1245,1130,1170,1240,1320
Longstaff,MID,LEE,493,11,3,1,50,1,0,0,0,0,0,3,0,0,0,0,0,1,,,10,1,0,2025-08-18T19:00:00Z,1050,1075,1050,1050,1050,1100
Willock,MID,NEW,494,15,3,1,50,0,0,0,0,0,0,0,0,0,0,0,0,0,,,2,0,0,2025-08-16T11:30:00Z,1185,1245,1130,1170,1240,1320
Hayden,MID,NEW,495,15,3,1,45,0,0,0,0,0,0,0,0,0,0,0,0,0,,,2,0,0,2025-08-16T11:30:00Z,1185,1245,1130,1170,1240,1320
Kuol,MID,NEW,496,15,3,1,45,0,0,0,0,0,0,0,0,0,0,0,0,0,,,2,0,0,2025-08-16T11:30:00Z,1185,1245,1130,1170,1240,1320
L.Miley,MID,NEW,497,15,3,1,45,7,0,0,0,0,0,4,0,0,0,0,0,1,,,2,0,0,2025-08-16T11:30:00Z,1185,1245,1130,1170,1240,1320
White,MID,NEW,498,15,3,1,45,0,0,0,0,0,0,0,0,0,0,0,0,0,,,2,0,0,2025-08-16T11:30:00Z,1185,1245,1130,1170,1240,1320
Isak,FWD,NEW,499,15,4,1,104,0,0,0,0,0,0,0,0,0,0,0,0,0,,,2,0,0,2025-08-16T11:30:00Z,1185,1245,1130,1170,1240,1320
Osula,FWD,NEW,500,15,4,1,55,1,0,0,0,0,0,3,0,0,0,0,0,1,,,2,0,0,2025-08-16T11:30:00Z,1185,1245,1130,1170,1240,1320
Neave,FWD,NEW,501,15,4,1,45,0,0,0,0,0,0,0,0,0,0,0,0,0,,,2,0,0,2025-08-16T11:30:00Z,1185,1245,1130,1170,1240,1320
Sels,GKP,NFO,502,16,1,1,50,90,0,0,0,1,2,9,0,0,0,0,0,2,,,4,3,1,2025-08-17T13:00:00Z,1165,1205,1150,1230,1180,1180
C.Miguel,GKP,NFO,503,16,1,1,40,0,0,0,0,0,0,0,0,0,0,0,0,0,,,4,3,1,2025-08-17T13:00:00Z,1165,1205,1150,1230,1180,1180
Turner,GKP,NFO,504,16,1,1,40,0,0,0,0,0,0,0,0,0,0,0,0,0,,,4,3,1,2025-08-17T13:00:00Z,1165,1205,1150,1230,1180,1180
Milenković,DEF,NFO,505,16,2,1,55,90,0,0,0,1,0,5,0,0,0,0,0,2,,,4,3,1,2025-08-17T13:00:00Z,1165,1205,1150,1230,1180,1180
Murillo,DEF,NFO,506,16,2,1,55,90,0,0,0,1,0,12,0,0,0,0,0,2,,,4,3,1,2025-08-17T13:00:00Z,1165,1205,1150,1230,1180,1180
Aina,DEF,NFO,507,16,2,1,50,90,0,0,0,1,0,15,0,0,0,0,0,4,,,4,3,1,2025-08-17T13:00:00Z,1165,1205,1150,1230,1180,1180
N.Williams,DEF,NFO,508,16,2,1,50,90,0,0,0,1,0,10,0,1,0,0,0,1,,,4,3,1,2025-08-17T13:00:00Z,1165,1205,1150,1230,1180,1180
David Carmo,DEF,NFO,509,16,2,1,45,0,0,0,0,0,0,0,0,0,0,0,0,0,,,4,3,1,2025-08-17T13:00:00Z,1165,1205,1150,1230,1180,1180
Jair Cunha,DEF,NFO,510,16,2,1,45,0,0,0,0,0,0,0,0,0,0,0,0,0,,,4,3,1,2025-08-17T13:00:00Z,1165,1205,1150,1230,1180,1180
Morato,DEF,NFO,511,16,2,1,45,0,0,0,0,0,0,0,0,0,0,0,0,0,,,4,3,1,2025-08-17T13:00:00Z,1165,1205,1150,1230,1180,1180
O.Richards,DEF,NFO,512,16,2,1,45,0,0,0,0,0,0,0,0,0,0,0,0,0,,,4,3,1,2025-08-17T13:00:00Z,1165,1205,1150,1230,1180,1180
Abbott,DEF,NFO,513,16,2,1,40,0,0,0,0,0,0,0,0,0,0,0,0,0,,,4,3,1,2025-08-17T13:00:00Z,1165,1205,1150,1230,1180,1180
Boly,DEF,NFO,514,16,2,1,40,0,0,0,0,0,0,0,0,0,0,0,0,0,,,4,3,1,2025-08-17T13:00:00Z,1165,1205,1150,1230,1180,1180
Gibbs-White,MID,NFO,515,16,3,1,75,83,0,1,0,1,0,23,0,0,0,0,0,5,,,4,3,1,2025-08-17T13:00:00Z,1165,1205,1150,1230,1180,1180
Hudson-Odoi,MID,NFO,516,16,3,1,60,90,0,0,0,1,0,20,0,0,0,0,0,2,,,4,3,1,2025-08-17T13:00:00Z,1165,1205,1150,1230,1180,1180
Anderson,MID,NFO,517,16,3,1,55,90,0,1,0,1,0,24,1,0,0,0,0,6,,,4,3,1,2025-08-17T13:00:00Z,1165,1205,1150,1230,1180,1180
Jota,MID,NFO,518,16,3,1,55,11,0,0,0,0,0,6,0,0,0,0,0,1,,,4,3,1,2025-08-17T13:00:00Z,1165,1205,1150,1230,1180,1180
Dominguez,MID,NFO,519,16,3,1,50,0,0,0,0,0,0,0,0,0,0,0,0,0,,,4,3,1,2025-08-17T13:00:00Z,1165,1205,1150,1230,1180,1180
O'Brien,MID,NFO,520,16,3,1,50,0,0,0,0,0,0,0,0,0,0,0,0,0,,,4,3,1,2025-08-17T13:00:00Z,1165,1205,1150,1230,1180,1180
Sangaré,MID,NFO,521,16,3,1,50,90,0,0,0,1,0,11,0,0,0,0,0,2,,,4,3,1,2025-08-17T13:00:00Z,1165,1205,1150,1230,1180,1180
Yates,MID,NFO,522,16,3,1,50,6,0,0,0,0,0,7,0,0,0,0,0,1,,,4,3,1,2025-08-17T13:00:00Z,1165,1205,1150,1230,1180,1180
Da Silva Moreira,MID,NFO,523,16,3,1,45,0,0,0,0,0,0,0,0,0,0,0,0,0,,,4,3,1,2025-08-17T13:00:00Z,1165,1205,1150,1230,1180,1180
Stamenic,MID,NFO,524,16,3,1,45,0,0,0,0,0,0,0,0,0,0,0,0,0,,,4,3,1,2025-08-17T13:00:00Z,1165,1205,1150,1230,1180,1180
Wood,FWD,NFO,525,16,4,1,76,78,2,0,0,1,0,58,3,0,0,0,0,13,,,4,3,1,2025-08-17T13:00:00Z,1165,1205,1150,1230,1180,1180
Igor Jesus,FWD,NFO,526,16,4,1,60,11,0,0,0,0,0,2,0,0,0,0,0,1,,,4,3,1,2025-08-17T13:00:00Z,1165,1205,1150,1230,1180,1180
Awoniyi,FWD,NFO,527,16,4,1,55,0,0,0,0,0,0,0,0,0,0,0,0,0,,,4,3,1,2025-08-17T13:00:00Z,1165,1205,1150,1230,1180,1180
Patterson,GKP,SUN,528,17,1,1,45,0,0,0,0,0,0,0,0,0,0,0,0,0,,,5,3,0,2025-08-16T14:00:00Z,1050,1050,1050,1050,1050,1050
Moore,GKP,SUN,529,17,1,1,40,0,0,0,0,0,0,0,0,0,0,0,0,0,,,5,3,0,2025-08-16T14:00:00Z,1050,1050,1050,1050,1050,1050
Nna Noukeu,GKP,SUN,530,17,1,1,40,0,0,0,0,0,0,0,0,0,0,0,0,0,,,5,3,0,2025-08-16T14:00:00Z,1050,1050,1050,1050,1050,1050
Ballard,DEF,SUN,531,17,2,1,46,90,1,0,1,0,0,53,3,0,0,0,0,17,,,5,3,0,2025-08-16T14:00:00Z,1050,1050,1050,1050,1050,1050
Hume,DEF,SUN,532,17,2,1,45,90,0,0,1,0,0,27,0,0,0,0,0,6,,,5,3,0,2025-08-16T14:00:00Z,1050,1050,1050,1050,1050,1050
Alese,DEF,SUN,533,17,2,1,40,0,0,0,0,0,0,0,0,0,0,0,0,0,,,5,3,0,2025-08-16T14:00:00Z,1050,1050,1050,1050,1050,1050
Anderson,DEF,SUN,534,17,2,1,40,0,0,0,0,0,0,0,0,0,0,0,0,0,,,5,3,0,2025-08-16T14:00:00Z,1050,1050,1050,1050,1050,1050
Cirkin,DEF,SUN,535,17,2,1,40,0,0,0,0,0,0,0,0,0,0,0,0,0,,,5,3,0,2025-08-16T14:00:00Z,1050,1050,1050,1050,1050,1050
Hjelde,DEF,SUN,536,17,2,1,40,0,0,0,0,0,0,0,0,0,0,0,0,0,,,5,3,0,2025-08-16T14:00:00Z,1050,1050,1050,1050,1050,1050
Huggins,DEF,SUN,537,17,2,1,40,0,0,0,0,0,0,0,0,0,0,0,0,0,,,5,3,0,2025-08-16T14:00:00Z,1050,1050,1050,1050,1050,1050
Johnson,DEF,SUN,538,17,2,1,40,0,0,0,0,0,0,0,0,0,0,0,0,0,,,5,3,0,2025-08-16T14:00:00Z,1050,1050,1050,1050,1050,1050
O'Nien,DEF,SUN,539,17,2,1,40,0,0,0,0,0,0,0,0,0,0,0,0,0,,,5,3,0,2025-08-16T14:00:00Z,1050,1050,1050,1050,1050,1050
Pembele,DEF,SUN,540,17,2,1,40,0,0,0,0,0,0,0,0,0,0,0,0,0,,,5,3,0,2025-08-16T14:00:00Z,1050,1050,1050,1050,1050,1050
Reinildo,DEF,SUN,541,17,2,1,40,90,0,0,1,0,0,27,0,0,0,0,0,6,,,5,3,0,2025-08-16T14:00:00Z,1050,1050,1050,1050,1050,1050
Seelt,DEF,SUN,542,17,2,1,40,52,0,0,0,0,0,6,0,0,0,0,0,1,,,5,3,0,2025-08-16T14:00:00Z,1050,1050,1050,1050,1050,1050
Adingra,MID,SUN,543,17,3,1,55,75,0,1,1,0,0,8,0,0,0,0,0,6,,,5,3,0,2025-08-16T14:00:00Z,1050,1050,1050,1050,1050,1050
Diarra,MID,SUN,544,17,3,1,55,90,0,0,1,0,0,4,0,0,0,0,0,3,,,5,3,0,2025-08-16T14:00:00Z,1050,1050,1050,1050,1050,1050
Roberts,MID,SUN,545,17,3,1,54,0,0,0,0,0,0,0,0,0,0,0,0,0,,,5,3,0,2025-08-16T14:00:00Z,1050,1050,1050,1050,1050,1050
Aleksić,MID,SUN,546,17,3,1,50,0,0,0,0,0,0,0,0,0,0,0,0,0,,,5,3,0,2025-08-16T14:00:00Z,1050,1050,1050,1050,1050,1050
E.Le Fée,MID,SUN,547,17,3,1,50,14,0,0,0,0,0,4,0,0,0,0,0,1,,,5,3,0,2025-08-16T14:00:00Z,1050,1050,1050,1050,1050,1050
Mundle,MID,SUN,548,17,3,1,50,0,0,0,0,0,0,0,0,0,0,0,0,0,,,5,3,0,2025-08-16T14:00:00Z,1050,1050,1050,1050,1050,1050
Neil,MID,SUN,549,17,3,1,50,0,0,0,0,0,0,0,0,0,0,0,0,0,,,5,3,0,2025-08-16T14:00:00Z,1050,1050,1050,1050,1050,1050
Poveda,MID,SUN,550,17,3,1,50,0,0,0,0,0,0,0,0,0,0,0,0,0,,,5,3,0,2025-08-16T14:00:00Z,1050,1050,1050,1050,1050,1050
Rigg,MID,SUN,551,17,3,1,50,1,0,0,0,0,0,3,0,0,0,0,0,1,,,5,3,0,2025-08-16T14:00:00Z,1050,1050,1050,1050,1050,1050
Sadiki,MID,SUN,552,17,3,1,50,90,0,0,1,0,0,6,0,0,0,0,0,3,,,5,3,0,2025-08-16T14:00:00Z,1050,1050,1050,1050,1050,1050
Talbi,MID,SUN,553,17,3,1,50,90,0,1,1,0,0,17,0,0,0,0,0,6,,,5,3,0,2025-08-16T14:00:00Z,1050,1050,1050,1050,1050,1050
Ba,MID,SUN,554,17,3,1,45,0,0,0,0,0,0,0,0,0,0,0,0,0,,,5,3,0,2025-08-16T14:00:00Z,1050,1050,1050,1050,1050,1050
Browne,MID,SUN,555,17,3,1,45,0,0,0,0,0,0,0,0,0,0,0,0,0,,,5,3,0,2025-08-16T14:00:00Z,1050,1050,1050,1050,1050,1050
Ekwah,MID,SUN,556,17,3,1,45,0,0,0,0,0,0,0,0,0,0,0,0,0,,,5,3,0,2025-08-16T14:00:00Z,1050,1050,1050,1050,1050,1050
H.Jones,MID,SUN,557,17,3,1,45,0,0,0,0,0,0,0,0,0,0,0,0,0,,,5,3,0,2025-08-16T14:00:00Z,1050,1050,1050,1050,1050,1050
Matete,MID,SUN,558,17,3,1,45,0,0,0,0,0,0,0,0,0,0,0,0,0,,,5,3,0,2025-08-16T14:00:00Z,1050,1050,1050,1050,1050,1050
Triantis,MID,SUN,559,17,3,1,45,0,0,0,0,0,0,0,0,0,0,0,0,0,,,5,3,0,2025-08-16T14:00:00Z,1050,1050,1050,1050,1050,1050
Isidor,FWD,SUN,560,17,4,1,55,14,1,0,0,0,0,29,0,0,0,0,0,5,,,5,3,0,2025-08-16T14:00:00Z,1050,1050,1050,1050,1050,1050
Mayenda,FWD,SUN,561,17,4,1,55,75,1,0,1,0,0,37,2,0,0,0,0,8,,,5,3,0,2025-08-16T14:00:00Z,1050,1050,1050,1050,1050,1050
Abdullahi,FWD,SUN,562,17,4,1,45,0,0,0,0,0,0,0,0,0,0,0,0,0,,,5,3,0,2025-08-16T14:00:00Z,1050,1050,1050,1050,1050,1050
Luís Hemir,FWD,SUN,563,17,4,1,45,0,0,0,0,0,0,0,0,0,0,0,0,0,,,5,3,0,2025-08-16T14:00:00Z,1050,1050,1050,1050,1050,1050
Rusyn,FWD,SUN,564,17,4,1,45,0,0,0,0,0,0,0,0,0,0,0,0,0,,,5,3,0,2025-08-16T14:00:00Z,1050,1050,1050,1050,1050,1050
Vicario,GKP,TOT,565,18,1,1,50,90,0,0,1,0,4,36,2,0,0,0,0,9,,,6,3,0,2025-08-16T14:00:00Z,1130,1175,1100,1100,1160,1250
Austin,GKP,TOT,566,18,1,1,40,0,0,0,0,0,0,0,0,0,0,0,0,0,,,6,3,0,2025-08-16T14:00:00Z,1130,1175,1100,1100,1160,1250
Kinsky,GKP,TOT,567,18,1,1,40,0,0,0,0,0,0,0,0,0,0,0,0,0,,,6,3,0,2025-08-16T14:00:00Z,1130,1175,1100,1100,1160,1250
Pedro Porro,DEF,TOT,568,18,2,1,55,90,0,0,1,0,0,26,0,0,0,0,0,6,,,6,3,0,2025-08-16T14:00:00Z,1130,1175,1100,1100,1160,1250
Romero,DEF,TOT,569,18,2,1,50,90,0,0,1,0,0,22,0,0,0,0,0,6,,,6,3,0,2025-08-16T14:00:00Z,1130,1175,1100,1100,1160,1250
Danso,DEF,TOT,570,18,2,1,45,0,0,0,0,0,0,0,0,0,0,0,0,0,,,6,3,0,2025-08-16T14:00:00Z,1130,1175,1100,1100,1160,1250
Davies,DEF,TOT,571,18,2,1,45,0,0,0,0,0,0,0,0,0,0,0,0,0,,,6,3,0,2025-08-16T14:00:00Z,1130,1175,1100,1100,1160,1250
Dragusin,DEF,TOT,572,18,2,1,45,0,0,0,0,0,0,0,0,0,0,0,0,0,,,6,3,0,2025-08-16T14:00:00Z,1130,1175,1100,1100,1160,1250
Spence,DEF,TOT,573,18,2,1,45,90,0,0,1,0,0,26,0,0,0,0,0,6,,,6,3,0,2025-08-16T14:00:00Z,1130,1175,1100,1100,1160,1250
Udogie,DEF,TOT,574,18,2,1,45,0,0,0,0,0,0,0,0,0,0,0,0,0,,,6,3,0,2025-08-16T14:00:00Z,1130,1175,1100,1100,1160,1250
Van de Ven,DEF,TOT,575,18,2,1,45,90,0,0,1,0,0,27,0,0,0,0,0,6,,,6,3,0,2025-08-16T14:00:00Z,1130,1175,1100,1100,1160,1250
Phillips,DEF,TOT,576,18,2,1,40,0,0,0,0,0,0,0,0,0,0,0,0,0,,,6,3,0,2025-08-16T14:00:00Z,1130,1175,1100,1100,1160,1250
Takai,DEF,TOT,577,18,2,1,40,0,0,0,0,0,0,0,0,0,0,0,0,0,,,6,3,0,2025-08-16T14:00:00Z,1130,1175,1100,1100,1160,1250
Vuskovic,DEF,TOT,578,18,2,1,40,0,0,0,0,0,0,0,0,0,0,0,0,0,,,6,3,0,2025-08-16T14:00:00Z,1130,1175,1100,1100,1160,1250
Son,MID,TOT,579,18,3,1,85,0,0,0,0,0,0,0,0,0,0,0,0,0,,,6,3,0,2025-08-16T14:00:00Z,1130,1175,1100,1100,1160,1250
Johnson,MID,TOT,580,18,3,1,70,79,1,0,1,0,0,30,0,0,0,0,0,8,,,6,3,0,2025-08-16T14:00:00Z,1130,1175,1100,1100,1160,1250
Maddison,MID,TOT,581,18,3,1,70,0,0,0,0,0,0,0,0,0,0,0,0,0,,,6,3,0,2025-08-16T14:00:00Z,1130,1175,1100,1100,1160,1250
Kudus,MID,TOT,582,18,3,1,65,84,0,2,1,0,0,35,1,0,0,0,0,10,,,6,3,0,2025-08-16T14:00:00Z,1130,1175,1100,1100,1160,1250
Kulusevski,MID,TOT,583,18,3,1,65,0,0,0,0,0,0,0,0,0,0,0,0,0,,,6,3,0,2025-08-16T14:00:00Z,1130,1175,1100,1100,1160,1250
Tel,MID,TOT,584,18,3,1,64,5,0,0,0,0,0,1,0,0,0,0,0,1,,,6,3,0,2025-08-16T14:00:00Z,1130,1175,1100,1100,1160,1250
Bentancur,MID,TOT,585,18,3,1,55,19,0,0,0,0,0,5,0,0,0,0,0,1,,,6,3,0,2025-08-16T14:00:00Z,1130,1175,1100,1100,1160,1250
Bergvall,MID,TOT,586,18,3,1,55,79,0,0,1,0,0,13,0,0,0,0,0,3,,,6,3,0,2025-08-16T14:00:00Z,1130,1175,1100,1100,1160,1250
Bissouma,MID,TOT,587,18,3,1,54,0,0,0,0,0,0,0,0,0,0,0,0,0,,,6,3,0,2025-08-16T14:00:00Z,1130,1175,1100,1100,1160,1250
Odobert,MID,TOT,588,18,3,1,55,10,0,0,0,0,0,4,0,0,0,0,0,1,,,6,3,0,2025-08-16T14:00:00Z,1130,1175,1100,1100,1160,1250
Solomon,MID,TOT,589,18,3,1,55,0,0,0,0,0,0,0,0,0,0,0,0,0,,,6,3,0,2025-08-16T14:00:00Z,1130,1175,1100,1100,1160,1250
Bryan,MID,TOT,590,18,3,1,50,0,0,0,0,0,0,0,0,0,0,0,0,0,,,6,3,0,2025-08-16T14:00:00Z,1130,1175,1100,1100,1160,1250
Gray,MID,TOT,591,18,3,1,50,70,0,0,1,0,0,13,0,0,0,0,0,3,,,6,3,0,2025-08-16T14:00:00Z,1130,1175,1100,1100,1160,1250
Moore,MID,TOT,592,18,3,1,50,0,0,0,0,0,0,0,0,0,0,0,0,0,,,6,3,0,2025-08-16T14:00:00Z,1130,1175,1100,1100,1160,1250
P.M.Sarr,MID,TOT,593,18,3,1,50,90,0,1,1,0,0,29,0,0,0,0,0,6,,,6,3,0,2025-08-16T14:00:00Z,1130,1175,1100,1100,1160,1250
Min-hyeok,MID,TOT,594,18,3,1,45,0,0,0,0,0,0,0,0,0,0,0,0,0,,,6,3,0,2025-08-16T14:00:00Z,1130,1175,1100,1100,1160,1250
Olusesi,MID,TOT,595,18,3,1,45,0,0,0,0,0,0,0,0,0,0,0,0,0,,,6,3,0,2025-08-16T14:00:00Z,1130,1175,1100,1100,1160,1250
Solanke,FWD,TOT,596,18,4,1,74,19,0,0,0,0,0,5,0,0,0,0,0,1,,,6,3,0,2025-08-16T14:00:00Z,1130,1175,1100,1100,1160,1250
Richarlison,FWD,TOT,597,18,4,1,66,71,2,0,1,0,0,61,3,0,0,0,0,13,,,6,3,0,2025-08-16T14:00:00Z,1130,1175,1100,1100,1160,1250
Lankshear,FWD,TOT,598,18,4,1,45,0,0,0,0,0,0,0,0,0,0,0,0,0,,,6,3,0,2025-08-16T14:00:00Z,1130,1175,1100,1100,1160,1250
Scarlett,FWD,TOT,599,18,4,1,45,0,0,0,0,0,0,0,0,0,0,0,0,0,,,6,3,0,2025-08-16T14:00:00Z,1130,1175,1100,1100,1160,1250
Areola,GKP,WHU,600,19,1,1,45,0,0,0,0,0,0,0,0,0,0,0,0,0,,,5,3,0,2025-08-16T14:00:00Z,1100,1100,1100,1100,1100,1100
Foderingham,GKP,WHU,601,19,1,1,40,0,0,0,0,0,0,0,0,0,0,0,0,0,,,5,3,0,2025-08-16T14:00:00Z,1100,1100,1100,1100,1100,1100
Hegyi,GKP,WHU,602,19,1,1,40,0,0,0,0,0,0,0,0,0,0,0,0,0,,,5,3,0,2025-08-16T14:00:00Z,1100,1100,1100,1100,1100,1100
Diouf,DEF,WHU,603,19,2,1,45,90,0,0,0,3,0,4,0,0,0,0,0,1,,,5,3,0,2025-08-16T14:00:00Z,1100,1100,1100,1100,1100,1100
Emerson,DEF,WHU,604,19,2,1,45,0,0,0,0,0,0,0,0,0,0,0,0,0,,,5,3,0,2025-08-16T14:00:00Z,1100,1100,1100,1100,1100,1100
Kilman,DEF,WHU,605,19,2,1,45,90,0,0,0,3,0,4,0,1,0,0,0,0,,,5,3,0,2025-08-16T14:00:00Z,1100,1100,1100,1100,1100,1100
Mavropanos,DEF,WHU,606,19,2,1,45,0,0,0,0,0,0,0,0,0,0,0,0,0,,,5,3,0,2025-08-16T14:00:00Z,1100,1100,1100,1100,1100,1100
N.Aguerd,DEF,WHU,607,19,2,1,45,90,0,0,0,3,0,1,0,0,0,0,0,1,,,5,3,0,2025-08-16T14:00:00Z,1100,1100,1100,1100,1100,1100
Scarles,DEF,WHU,608,19,2,1,45,0,0,0,0,0,0,0,0,0,0,0,0,0,,,5,3,0,2025-08-16T14:00:00Z,1100,1100,1100,1100,1100,1100
Todibo,DEF,WHU,609,19,2,1,45,81,0,0,0,2,0,9,0,0,0,0,0,1,,,5,3,0,2025-08-16T14:00:00Z,1100,1100,1100,1100,1100,1100
Wan-Bissaka,DEF,WHU,610,19,2,1,45,90,0,0,0,3,0,9,0,0,0,0,0,1,,,5,3,0,2025-08-16T14:00:00Z,1100,1100,1100,1100,1100,1100
Casey,DEF,WHU,611,19,2,1,40,0,0,0,0,0,0,0,0,0,0,0,0,0,,,5,3,0,2025-08-16T14:00:00Z,1100,1100,1100,1100,1100,1100
L.Paquetá,MID,WHU,612,19,3,1,59,90,0,0,0,3,0,11,0,0,0,0,0,2,,,5,3,0,2025-08-16T14:00:00Z,1100,1100,1100,1100,1100,1100
Souček,MID,WHU,613,19,3,1,59,19,0,0,0,2,0,4,0,0,0,0,0,1,,,5,3,0,2025-08-16T14:00:00Z,1100,1100,1100,1100,1100,1100
Ward-Prowse,MID,WHU,614,19,3,1,60,70,0,0,0,1,0,13,0,0,0,0,0,2,,,5,3,0,2025-08-16T14:00:00Z,1100,1100,1100,1100,1100,1100
Summerville,MID,WHU,615,19,3,1,55,0,0,0,0,0,0,0,0,0,0,0,0,0,,,5,3,0,2025-08-16T14:00:00Z,1100,1100,1100,1100,1100,1100
Álvarez,MID,WHU,616,19,3,1,50,0,0,0,0,0,0,0,0,0,0,0,0,0,,,5,3,0,2025-08-16T14:00:00Z,1100,1100,1100,1100,1100,1100
Cornet,MID,WHU,617,19,3,1,50,0,0,0,0,0,0,0,0,0,0,0,0,0,,,5,3,0,2025-08-16T14:00:00Z,1100,1100,1100,1100,1100,1100
G.Rodriguez,MID,WHU,618,19,3,1,50,70,0,0,0,1,0,11,0,0,0,0,0,2,,,5,3,0,2025-08-16T14:00:00Z,1100,1100,1100,1100,1100,1100
L.Guilherme,MID,WHU,619,19,3,1,50,0,0,0,0,0,0,0,0,0,0,0,0,0,,,5,3,0,2025-08-16T14:00:00Z,1100,1100,1100,1100,1100,1100
Earthy,MID,WHU,620,19,3,1,45,0,0,0,0,0,0,0,0,0,0,0,0,0,,,5,3,0,2025-08-16T14:00:00Z,1100,1100,1100,1100,1100,1100
Irving,MID,WHU,621,19,3,1,45,8,0,0,0,1,0,6,0,0,0,0,0,1,,,5,3,0,2025-08-16T14:00:00Z,1100,1100,1100,1100,1100,1100
Orford,MID,WHU,622,19,3,1,45,0,0,0,0,0,0,0,0,0,0,0,0,0,,,5,3,0,2025-08-16T14:00:00Z,1100,1100,1100,1100,1100,1100
Potts,MID,WHU,623,19,3,1,45,0,0,0,0,0,0,0,0,0,0,0,0,0,,,5,3,0,2025-08-16T14:00:00Z,1100,1100,1100,1100,1100,1100
Bowen,FWD,WHU,624,19,4,1,79,90,0,0,0,3,0,13,0,0,0,0,0,2,,,5,3,0,2025-08-16T14:00:00Z,1100,1100,1100,1100,1100,1100
Füllkrug,FWD,WHU,625,19,4,1,60,90,0,0,0,3,0,-1,0,0,0,0,0,2,,,5,3,0,2025-08-16T14:00:00Z,1100,1100,1100,1100,1100,1100
Marshall,FWD,WHU,626,19,4,1,45,0,0,0,0,0,0,0,0,0,0,0,0,0,,,5,3,0,2025-08-16T14:00:00Z,1100,1100,1100,1100,1100,1100
Johnstone,GKP,WOL,627,20,1,1,45,0,0,0,0,0,0,0,0,0,0,0,0,0,,,7,0,4,2025-08-16T16:30:00Z,1100,1125,1080,1100,1120,1150
José Sá,GKP,WOL,628,20,1,1,45,90,0,0,0,4,0,-8,0,0,0,0,0,0,,,7,0,4,2025-08-16T16:30:00Z,1100,1125,1080,1100,1120,1150
Bentley,GKP,WOL,629,20,1,1,40,0,0,0,0,0,0,0,0,0,0,0,0,0,,,7,0,4,2025-08-16T16:30:00Z,1100,1125,1080,1100,1120,1150
King,GKP,EVE,630,9,1,1,40,0,0,0,0,0,0,0,0,0,0,0,0,0,,,7,0,4,2025-08-16T16:30:00Z,1100,1115,1140,1140,1060,1090
Agbadou,DEF,WOL,631,20,2,1,45,90,0,0,0,4,0,-7,0,0,0,0,0,0,,,7,0,4,2025-08-16T16:30:00Z,1100,1125,1080,1100,1120,1150
Doherty,DEF,WOL,632,20,2,1,45,90,0,0,0,4,0,-1,0,1,0,0,0,-1,,,7,0,4,2025-08-16T16:30:00Z,1100,1125,1080,1100,1120,1150
H.Bueno,DEF,WOL,633,20,2,1,45,18,0,0,0,1,0,0,0,0,0,0,0,1,,,7,0,4,2025-08-16T16:30:00Z,1100,1125,1080,1100,1120,1150
Mosquera,DEF,WOL,634,20,2,1,45,0,0,0,0,0,0,0,0,0,0,0,0,0,,,7,0,4,2025-08-16T16:30:00Z,1100,1125,1080,1100,1120,1150
R.Gomes,DEF,WOL,635,20,2,1,45,17,0,0,0,1,0,-1,0,0,0,0,0,1,,,7,0,4,2025-08-16T16:30:00Z,1100,1125,1080,1100,1120,1150
S.Bueno,DEF,WOL,636,20,2,1,45,0,0,0,0,0,0,0,0,0,0,0,0,0,,,7,0,4,2025-08-16T16:30:00Z,1100,1125,1080,1100,1120,1150
Toti,DEF,WOL,637,20,2,1,45,90,0,0,0,4,0,0,0,0,0,0,0,0,,,7,0,4,2025-08-16T16:30:00Z,1100,1125,1080,1100,1120,1150
Hoever,DEF,WOL,638,20,2,1,40,72,0,0,0,3,0,0,0,0,0,0,0,1,,,7,0,4,2025-08-16T16:30:00Z,1100,1125,1080,1100,1120,1150
Meupiyou,DEF,WOL,639,20,2,1,40,0,0,0,0,0,0,0,0,0,0,0,0,0,,,7,0,4,2025-08-16T16:30:00Z,1100,1125,1080,1100,1120,1150
Pedro Lima,DEF,WOL,640,20,2,1,40,0,0,0,0,0,0,0,0,0,0,0,0,0,,,7,0,4,2025-08-16T16:30:00Z,1100,1125,1080,1100,1120,1150
Pond,DEF,WOL,641,20,2,1,40,0,0,0,0,0,0,0,0,0,0,0,0,0,,,7,0,4,2025-08-16T16:30:00Z,1100,1125,1080,1100,1120,1150
Hee Chan,MID,WOL,642,20,3,1,60,8,0,0,0,0,0,3,0,0,0,0,0,1,,,7,0,4,2025-08-16T16:30:00Z,1100,1125,1080,1100,1120,1150
André,MID,WOL,643,20,3,1,55,71,0,0,0,3,0,16,0,0,0,0,0,4,,,7,0,4,2025-08-16T16:30:00Z,1100,1125,1080,1100,1120,1150
Bellegarde,MID,WOL,644,20,3,1,55,72,0,0,0,3,0,5,0,0,0,0,0,2,,,7,0,4,2025-08-16T16:30:00Z,1100,1125,1080,1100,1120,1150
Fer López,MID,WOL,645,20,3,1,55,18,0,0,0,1,0,5,0,0,0,0,0,1,,,7,0,4,2025-08-16T16:30:00Z,1100,1125,1080,1100,1120,1150
Gomes,MID,WOL,646,20,3,1,55,90,0,0,0,4,0,20,0,0,0,0,0,2,,,7,0,4,2025-08-16T16:30:00Z,1100,1125,1080,1100,1120,1150
Guedes,MID,WOL,647,20,3,1,55,0,0,0,0,0,0,0,0,0,0,0,0,0,,,7,0,4,2025-08-16T16:30:00Z,1100,1125,1080,1100,1120,1150
Munetsi,MID,WOL,648,20,3,1,55,90,0,0,0,4,0,10,0,0,0,0,0,2,,,7,0,4,2025-08-16T16:30:00Z,1100,1125,1080,1100,1120,1150
B.Traore,MID,WOL,649,20,3,1,50,0,0,0,0,0,0,0,0,0,0,0,0,0,,,7,0,4,2025-08-16T16:30:00Z,1100,1125,1080,1100,1120,1150
Chirewa,MID,WOL,650,20,3,1,45,0,0,0,0,0,0,0,0,0,0,0,0,0,,,7,0,4,2025-08-16T16:30:00Z,1100,1125,1080,1100,1120,1150
Edozie,MID,WOL,651,20,3,1,45,0,0,0,0,0,0,0,0,0,0,0,0,0,,,7,0,4,2025-08-16T16:30:00Z,1100,1125,1080,1100,1120,1150
Gonzalez,MID,WOL,652,20,3,1,45,0,0,0,0,0,0,0,0,0,0,0,0,0,,,7,0,4,2025-08-16T16:30:00Z,1100,1125,1080,1100,1120,1150
Hodge,MID,WOL,653,20,3,1,45,0,0,0,0,0,0,0,0,0,0,0,0,0,,,7,0,4,2025-08-16T16:30:00Z,1100,1125,1080,1100,1120,1150
Strand Larsen,FWD,WOL,654,20,4,1,65,81,0,0,0,4,0,8,0,0,0,0,0,2,,,7,0,4,2025-08-16T16:30:00Z,1100,1125,1080,1100,1120,1150
Fábio Silva,FWD,WOL,655,20,4,1,50,0,0,0,0,0,0,0,0,0,0,0,0,0,,,7,0,4,2025-08-16T16:30:00Z,1100,1125,1080,1100,1120,1150
Kalajdžić,FWD,WOL,656,20,4,1,50,0,0,0,0,0,0,0,0,0,0,0,0,0,,,7,0,4,2025-08-16T16:30:00Z,1100,1125,1080,1100,1120,1150
Chiwome,FWD,WOL,657,20,4,1,45,0,0,0,0,0,0,0,0,0,0,0,0,0,,,7,0,4,2025-08-16T16:30:00Z,1100,1125,1080,1100,1120,1150
Fraser,FWD,WOL,658,20,4,1,45,0,0,0,0,0,0,0,0,0,0,0,0,0,,,7,0,4,2025-08-16T16:30:00Z,1100,1125,1080,1100,1120,1150
Walker-Peters,DEF,WHU,659,19,2,1,45,0,0,0,0,0,0,0,0,0,0,0,0,0,,,5,3,0,2025-08-16T14:00:00Z,1100,1100,1100,1100,1100,1100
Stach,MID,LEE,660,11,3,1,50,90,0,1,1,0,0,24,0,0,0,0,0,8,,,10,1,0,2025-08-18T19:00:00Z,1050,1075,1050,1050,1050,1100
Ekitiké,FWD,LIV,661,12,4,1,86,71,1,1,0,1,0,37,2,0,0,0,0,11,,,1,4,2,2025-08-15T19:00:00Z,1335,1355,1290,1330,1380,1380
Mosquera,DEF,ARS,662,1,2,1,55,0,0,0,0,0,0,0,0,0,0,0,0,0,,,9,0,1,2025-08-17T15:30:00Z,1320,1325,1350,1350,1290,1300
J.Arias,MID,WOL,663,20,3,1,55,17,0,0,0,1,0,2,0,0,0,0,0,1,,,7,0,4,2025-08-16T16:30:00Z,1100,1125,1080,1100,1120,1150
Lecomte,GKP,FUL,664,10,1,1,40,0,0,0,0,0,0,0,0,0,0,0,0,0,,,3,1,1,2025-08-16T14:00:00Z,1125,1125,1130,1130,1120,1120
Perri,GKP,LEE,665,11,1,1,45,90,0,0,1,0,1,24,0,0,0,0,0,6,,,10,1,0,2025-08-18T19:00:00Z,1050,1075,1050,1050,1050,1100
Gyökeres,FWD,ARS,666,1,4,1,90,59,0,0,0,0,0,0,0,0,0,0,0,1,,,9,0,1,2025-08-17T15:30:00Z,1320,1325,1350,1350,1290,1300
Aznou,DEF,EVE,667,9,2,1,45,0,0,0,0,0,0,0,0,0,0,0,0,0,,,10,1,0,2025-08-18T19:00:00Z,1100,1115,1140,1140,1060,1090
Xhaka,MID,SUN,668,17,3,1,50,90,0,0,1,0,0,10,0,0,0,0,0,3,,,5,3,0,2025-08-16T14:00:00Z,1050,1050,1050,1050,1050,1050
Ndoye,MID,NFO,669,16,3,1,60,78,1,0,0,1,0,29,2,0,0,0,0,9,,,4,3,1,2025-08-17T13:00:00Z,1165,1205,1150,1230,1180,1180
Roefs,GKP,SUN,670,17,1,1,45,90,0,0,1,0,4,31,1,0,0,0,0,8,,,5,3,0,2025-08-16T14:00:00Z,1050,1050,1050,1050,1050,1050
Wilson,FWD,WHU,671,19,4,1,60,19,0,0,0,2,0,2,0,0,0,0,0,1,,,5,3,0,2025-08-16T14:00:00Z,1100,1100,1100,1100,1100,1100
Hato,DEF,CHE,672,7,2,1,50,0,0,0,0,0,0,0,0,0,0,0,0,0,,,8,0,0,2025-08-17T13:00:00Z,1185,1245,1150,1190,1220,1300
J.Palhinha,MID,TOT,673,18,3,1,55,10,0,0,0,0,0,2,0,0,0,0,0,1,,,6,3,0,2025-08-16T14:00:00Z,1130,1175,1100,1100,1160,1250
Ramsdale,GKP,NEW,674,15,1,1,50,0,0,0,0,0,0,0,0,0,0,0,0,0,,,2,0,0,2025-08-16T11:30:00Z,1185,1245,1130,1170,1240,1320
Gunn,GKP,NFO,675,16,1,1,40,0,0,0,0,0,0,0,0,0,0,0,0,0,,,4,3,1,2025-08-17T13:00:00Z,1165,1205,1150,1230,1180,1180
Ugochukwu,MID,BUR,676,3,3,1,50,27,0,0,0,1,0,1,0,0,0,0,0,1,,,6,3,0,2025-08-16T14:00:00Z,1050,1050,1050,1050,1050,1050
Guessand,MID,AVL,677,2,3,1,65,0,0,0,0,0,0,0,0,0,0,0,0,0,,,2,0,0,2025-08-16T11:30:00Z,1125,1250,1110,1200,1140,1300
Masuaku,DEF,SUN,678,17,2,1,40,0,0,0,0,0,0,0,0,0,0,0,0,0,,,5,3,0,2025-08-16T14:00:00Z,1050,1050,1050,1050,1050,1050
Hermansen,GKP,WHU,679,19,1,1,45,90,0,0,0,3,2,3,0,0,0,0,0,1,,,5,3,0,2025-08-16T14:00:00Z,1100,1100,1100,1100,1100,1100
Broja,FWD,BUR,680,3,4,1,55,0,0,0,0,0,0,0,0,0,0,0,0,0,,,6,3,0,2025-08-16T14:00:00Z,1050,1050,1050,1050,1050,1050
Šeško,FWD,MUN,681,14,4,1,75,25,0,0,0,0,0,2,0,0,0,0,0,1,,,9,0,1,2025-08-17T15:30:00Z,1105,1125,1110,1110,1100,1140
Møller Wolfe,DEF,WOL,682,20,2,1,45,71,0,0,0,3,0,-4,0,0,0,0,0,1,,,7,0,4,2025-08-16T16:30:00Z,1100,1125,1080,1100,1120,1150
Alderete,DEF,SUN,683,17,2,1,40,37,0,1,0,0,0,16,0,0,0,0,0,4,,,5,3,0,2025-08-16T14:00:00Z,1050,1050,1050,1050,1050,1050
Thiaw,DEF,NEW,684,15,2,1,50,0,0,0,0,0,0,0,0,0,0,0,0,0,,,2,0,0,2025-08-16T11:30:00Z,1185,1245,1130,1170,1240,1320
Diakité,DEF,BOU,685,4,2,1,45,90,0,0,0,4,0,2,0,0,0,0,0,0,,,1,4,2,2025-08-15T19:00:00Z,1150,1180,1100,1160,1200,1200
Ngumoha,MID,LIV,686,12,3,1,45,0,0,0,0,0,0,0,0,0,0,0,0,0,,,1,4,2,2025-08-15T19:00:00Z,1335,1355,1290,1330,1380,1380
Rees-Dottin,MID,BOU,687,4,3,1,45,0,0,0,0,0,0,0,0,0,0,0,0,0,,,1,4,2,2025-08-15T19:00:00Z,1150,1180,1100,1160,1200,1200
Wright,GKP,AVL,688,2,1,1,40,0,0,0,0,0,0,0,0,0,0,0,0,0,,,2,0,0,2025-08-16T11:30:00Z,1125,1250,1110,1200,1140,1300
Seung soo,MID,NEW,689,15,3,1,45,0,0,0,0,0,0,0,0,0,0,0,0,0,,,2,0,0,2025-08-16T11:30:00Z,1185,1245,1130,1170,1240,1320
Cardines,MID,CRY,690,8,3,1,45,0,0,0,0,0,0,0,0,0,0,0,0,0,,,8,0,0,2025-08-17T13:00:00Z,1140,1160,1120,1130,1160,1190
