player_id,name,team,position_id,total_points
1,Raya,ARS,1,6
2,Arrizabalaga,ARS,1,0
3,Hein,ARS,1,0
4,Setford,ARS,1,0
5,Gabriel,ARS,2,0
6,Saliba,ARS,2,0
7,Calafiori,ARS,2,7
8,J.Timber,ARS,2,1
9,Kiwior,ARS,2,0
10,Lewis-Skelly,ARS,2,0
11,White,ARS,2,14
12,Zinchenko,NFO,2,0
13,Clarke,ARS,2,0
14,Kacurri,ARS,2,0
15,Nichols,ARS,2,0
16,Saka,ARS,3,6
17,Ødegaard,ARS,3,3
18,Madueke,ARS,3,3
19,Martinelli,ARS,3,3
20,Trossard,ARS,3,0
21,Rice,ARS,3,3
22,Merino,ARS,3,13
23,Fábio Vieira,ARS,3,0
24,Nørgaard,ARS,3,0
25,Nwaneri,ARS,3,0
26,Zubimendi,ARS,3,3
27,Nelson,BRE,3,0
28,Kabia,ARS,3,0
29,Sambi,ARS,3,0
30,Havertz,ARS,4,0
31,G.Jesus,ARS,4,0
32,Martinez,AVL,1,0
33,M.Bizot,AVL,1,1
34,Gauci,AVL,1,0
35,Marschall,AVL,1,0
36,Cash,AVL,2,4
37,Digne,AVL,2,1
38,Konsa,AVL,2,1
39,Maatsen,AVL,2,1
40,Mings,AVL,2,0
41,Pau,AVL,2,-1
42,A.García,AVL,2,0
43,Alex Moreno,AVL,2,0
44,Bogarde,AVL,2,1
45,Sousa,AVL,2,0
46,Yasin,AVL,2,0
47,Rogers,AVL,3,6
48,Tielemans,AVL,3,1
49,Bailey,AVL,3,0
50,Buendía,AVL,3,1
51,Iling Jr,AVL,3,0
52,J.Ramsey,NEW,3,0
53,Malen,AVL,3,6
54,McGinn,AVL,3,1
55,Barkley,AVL,3,0
56,Barrenechea,AVL,3,0
57,Dobbin,AVL,3,0
58,Kamara,AVL,3,2
59,Onana,AVL,3,11
60,Broggio,AVL,3,0
61,Dendoncker,AVL,3,0
62,Jimoh-Aloba,AVL,3,0
63,Young,AVL,3,0
64,Watkins,AVL,4,13
65,Redmond,AVL,4,0
66,Neto,BOU,1,0
67,Petrović,BOU,1,2
68,Dennis,BOU,1,0
69,McKenna,BOU,1,0
70,Paulsen,BOU,1,0
71,Zabarnyi,BOU,2,0
72,Senesi,BOU,2,0
73,Smith,BOU,2,0
74,Truffert,BOU,2,4
75,Akinmboni,BOU,2,0
76,Bevan,BOU,2,0
77,Hill,BOU,2,0
78,J.Araujo,BOU,2,0
79,Mepham,BOU,2,0
80,Soler,BOU,2,1
81,Kluivert,BOU,3,2
82,Semenyo,BOU,3,4
83,O.Dango,BRE,3,2
84,Tavernier,BOU,3,1
85,Adams,BOU,3,1
86,Brooks,BOU,3,0
87,Christie,BOU,3,0
88,Cook,BOU,3,0
89,Philip,BOU,3,0
90,Scott,BOU,3,4
91,Sinisterra,BOU,3,0
92,Faivre,BOU,3,0
93,H.Traorè,BOU,3,0
94,Sadi,BOU,3,0
95,Silcott-Duberry,BOU,3,0
96,Winterburn,BOU,3,0
97,Evanilson,BOU,4,1
98,Enes Ünal,BOU,4,0
99,Adu-Adjei,BOU,4,0
100,Kroupi.Jr,BOU,4,2
101,Kelleher,BRE,1,2
102,Balcombe,BRE,1,0
103,Cox,BRE,1,0
104,Eyestone,BRE,1,0
105,Valdimarsson,BRE,1,0
106,Collins,BRE,2,1
107,Lewis-Potter,BRE,2,1
108,Ajer,BRE,2,1
109,Henry,BRE,2,2
110,Kayode,BRE,2,1
111,Pinnock,BRE,2,4
112,Roerslev,BRE,2,0
113,Van den Berg,BRE,2,1
114,Arthur,BRE,2,0
115,Fredrick,BRE,2,0
116,Hickey,BRE,2,0
117,Ji-soo,BRE,2,0
118,Meghoma,BRE,2,0
119,Mbeumo,MUN,3,2
120,Schade,BRE,3,1
121,Damsgaard,BRE,3,1
122,Milambo,BRE,3,0
123,Carvalho,BRE,3,0
124,Henderson,BRE,3,1
125,Janelt,BRE,3,2
126,Jensen,BRE,3,2
127,Nunes,BRE,3,0
128,Onyeka,BRE,3,0
129,Yarmoliuk,BRE,3,1
130,Donovan,BRE,3,0
131,Konak,BRE,3,0
132,Maghoma,BRE,3,0
133,Peart-Harris,BRE,3,0
134,Trevitt,BRE,3,0
135,Wissa,NEW,4,0
136,Thiago,BRE,4,1
137,Morgan,BRE,4,0
138,Steele,BHA,1,0
139,Verbruggen,BHA,1,1
140,McGill,BHA,1,0
141,Rushworth,BHA,1,0
142,Scherpen,BHA,1,0
143,Boscagli,BHA,2,0
144,Coppola,BHA,2,0
145,De Cuyper,BHA,2,0
146,Dunk,BHA,2,0
147,Estupiñan,BHA,2,0
148,F.Kadıoğlu,BHA,2,1
149,Igor,WHU,2,0
150,Lamptey,BHA,2,0
151,Van Hecke,BHA,2,12
152,Veltman,BHA,2,1
153,Webster,BHA,2,0
154,Cashin,BHA,2,0
155,Slater,BHA,2,0
156,Tasker,BHA,2,0
157,Mitoma,BHA,3,0
158,Georginio,BHA,3,0
159,March,BHA,3,0
160,Minteh,BHA,3,2
161,Enciso,BHA,3,0
162,Gruda,BHA,3,2
163,Hinshelwood,BHA,3,8
164,O'Riley,BHA,3,0
165,Sima,BHA,3,0
166,Ayari,BHA,3,0
167,Baleba,BHA,3,4
168,Buonanotte,CHE,3,0
169,Gomez,BHA,3,1
170,Milner,BHA,3,0
171,Sarmiento,BHA,3,0
172,Watson,BHA,3,0
173,Wieffer,BHA,3,8
174,Yalcouye,BHA,3,0
175,Knight,BHA,3,0
176,Mazilu,BHA,3,0
177,Moran,BHA,3,0
178,Welbeck,BHA,4,1
179,Ferguson,BHA,4,0
180,Tzimas,BHA,4,1
181,Kostoulas,BHA,4,1
182,Trafford,MCI,1,0
183,Weiss,BUR,1,0
184,Green,BUR,1,0
185,Hladký,BUR,1,0
186,Roberts,BUR,2,0
187,Walker,BUR,2,2
188,Delcroix,BUR,2,0
189,Dodgson,BUR,2,0
190,Ekdal,BUR,2,4
191,Estève,BUR,2,4
192,Hartman,BUR,2,2
193,Humphreys,BUR,2,0
194,Jordan,BUR,2,0
195,Lucas Pires,BUR,2,0
196,Sambo,BUR,2,0
197,Sonne,BUR,2,0
198,Tuanzebe,BUR,2,0
199,Worrall,BUR,2,0
200,Anthony,BUR,3,1
201,Benson,BUR,3,0
202,Bruun Larsen,BUR,3,1
203,Boateng,BUR,3,0
204,Churlinov,BUR,3,0
205,Cullen,BUR,3,4
206,Edwards,BUR,3,1
207,Hannibal,BUR,3,1
208,Koleosho,BUR,3,0
209,Laurent,BUR,3,0
210,Tchaouna,BUR,3,1
211,A.Ramsey,BUR,3,0
212,Adewumi,BUR,3,0
213,Banel,BUR,3,0
214,Trésor,BUR,3,0
215,Flemming,BUR,4,1
216,Amdouni,BUR,4,0
217,Foster,BUR,4,2
218,Barnes,BUR,4,0
219,Obafemi,BUR,4,0
220,Sánchez,CHE,1,1
221,Jörgensen,CHE,1,0
222,Penders,CHE,1,0
223,Slonina,CHE,1,0
224,Cucurella,CHE,2,1
225,James,CHE,2,0
226,Chalobah,CHE,2,1
227,Colwill,CHE,2,0
228,Gusto,CHE,2,1
229,B.Badiashile,CHE,2,0
230,Fofana,CHE,2,0
231,M.Sarr,CHE,2,0
232,Tosin,CHE,2,3
233,Acheampong,CHE,2,0
234,Anselmino,CHE,2,0
235,Palmer,CHE,3,1
236,Neto,CHE,3,6
237,Enzo,CHE,3,2
238,Estêvão,CHE,3,0
239,Gittens,CHE,3,5
240,Nkunku,CHE,3,0
241,Caicedo,CHE,3,0
242,Dewsbury-Hall,EVE,3,3
243,George,CHE,3,0
244,Lavia,CHE,3,0
245,Mudryk,CHE,3,0
246,Andrey Santos,CHE,3,2
247,D.Essugo,CHE,3,0
248,Paez,CHE,3,0
249,João Pedro,CHE,4,2
250,Delap,CHE,4,2
251,N.Jackson,CHE,4,0
252,Marc Guiu,CHE,4,1
253,Henderson,CRY,1,7
254,Benitez,CRY,1,0
255,Matthews,CRY,1,0
256,Muñoz,CRY,2,14
257,Lacroix,CRY,2,8
258,Mitchell,CRY,2,6
259,Sosa,CRY,2,0
260,Guéhi,CRY,2,14
261,Richards,CRY,2,9
262,Chadi Riad,CRY,2,0
263,Clyne,CRY,2,0
264,Holding,CRY,2,0
265,Kporha,CRY,2,0
266,Eze,ARS,3,1
267,Sarr,CRY,3,0
268,Doucouré,CRY,3,0
269,Esse,CRY,3,0
270,Hughes,CRY,3,1
271,Kamada,CRY,3,3
272,Lerma,CRY,3,5
273,Wharton,CRY,3,3
274,Agbinone,CRY,3,0
275,Ahamada,CRY,3,0
276,Devenny,CRY,3,1
277,Ebiowei,CRY,3,0
278,J.Rak-Sakyi,CRY,3,0
279,M.França,CRY,3,0
280,Ozoh,CRY,3,0
281,Rodney,CRY,3,0
282,Umeh,CRY,3,0
283,Mateta,CRY,4,2
284,Nketiah,CRY,4,1
285,Édouard,CRY,4,0
286,Marsh,CRY,4,0
287,Pickford,EVE,1,7
288,Travers,EVE,1,0
289,Tyrer,EVE,1,0
290,Branthwaite,EVE,2,0
291,Tarkowski,EVE,2,10
292,Mykolenko,EVE,2,5
293,O'Brien,EVE,2,6
294,Coleman,EVE,2,0
295,Keane,EVE,2,0
296,Patterson,EVE,2,0
297,Dixon,EVE,2,0
298,Welch,EVE,2,0
299,Ndiaye,EVE,3,3
300,McNeil,EVE,3,1
301,Alcaraz,EVE,3,5
302,Gana,EVE,3,0
303,Garner,EVE,3,3
304,Iroegbunam,EVE,3,4
305,Armstrong,EVE,3,0
306,Bates,EVE,3,0
307,Ebere,EVE,3,0
308,Heath,EVE,3,0
309,Metcalfe,EVE,3,0
310,Barry,EVE,4,2
311,Beto,EVE,4,1
312,Y.Chermiti,EVE,4,0
313,Sherif,EVE,4,0
314,Leno,FUL,1,0
315,Benda,FUL,1,0
316,Robinson,FUL,2,0
317,Andersen,FUL,2,0
318,Bassey,FUL,2,2
319,Castagne,FUL,2,3
320,Diop,FUL,2,0
321,J.Cuenca,FUL,2,0
322,Tete,FUL,2,0
323,Amissah,FUL,2,0
324,Iwobi,FUL,3,7
325,Smith Rowe,FUL,3,7
326,Adama,FUL,3,0
327,Andreas,FUL,3,0
328,Sessegnon,FUL,3,2
329,Wilson,FUL,3,8
330,Berge,FUL,3,0
331,Cairney,FUL,3,0
332,Lukić,FUL,3,1
333,Godo,FUL,3,0
334,Harris,FUL,3,0
335,King,FUL,3,1
336,Reed,FUL,3,0
337,Raúl,FUL,4,2
338,Muniz,FUL,4,0
339,Meslier,LEE,1,0
340,Cairns,LEE,1,0
341,Darlow,LEE,1,0
342,Bogle,LEE,2,5
343,Struijk,LEE,2,2
344,Bijol,LEE,2,12
345,Bornauw,LEE,2,1
346,Byram,LEE,2,0
347,Gudmundsson,LEE,2,4
348,Rodon,LEE,2,2
349,Schmidt,LEE,2,0
350,Aaronson,LEE,3,0
351,Gnonto,LEE,3,0
352,Harrison,LEE,3,0
353,James,LEE,3,0
354,Ampadu,LEE,3,4
355,Greenwood,LEE,3,0
356,Gruev,LEE,3,1
357,Ramazani,LEE,3,0
358,Tanaka,LEE,3,9
359,Crew,LEE,3,0
360,Gelhardt,LEE,3,0
361,Gyabi,LEE,3,0
362,Piroe,LEE,4,1
363,Bamford,LEE,4,0
364,Mateo Joseph,LEE,4,0
365,Nmecha,LEE,4,2
366,A.Becker,LIV,1,3
367,Mamardashvili,LIV,1,0
368,Pécsi,LIV,1,0
369,Woodman,LIV,1,0
370,Frimpong,LIV,2,0
371,Kerkez,LIV,2,1
372,Robertson,LIV,2,2
373,Virgil,LIV,2,4
374,Konaté,LIV,2,4
375,Bradley,LIV,2,0
376,Gomez,LIV,2,5
377,Tsimikas,LIV,2,0
378,Nallo,LIV,2,0
379,R.Williams,LIV,2,0
380,Ramsay,LIV,2,0
381,M.Salah,LIV,3,1
382,Wirtz,LIV,3,7
383,Luis Díaz,LIV,3,0
384,Gakpo,LIV,3,1
385,Chiesa,LIV,3,1
386,Mac Allister,LIV,3,2
387,Szoboszlai,LIV,3,2
388,C.Jones,LIV,3,1
389,Elliott,AVL,3,0
390,Gravenberch,LIV,3,5
391,Gannon-Doak,BOU,3,0
392,Endo,LIV,3,0
393,Bajcetic,LIV,3,0
394,McConnell,LIV,3,0
395,Morton,LIV,3,0
396,Nyoni,LIV,3,0
397,Darwin,LIV,4,0
398,Danns,LIV,4,0
399,Ederson M.,MCI,1,0
400,Ortega Moreno,MCI,1,0
401,Bettinelli,MCI,1,0
402,Aït-Nouri,MCI,2,0
403,Gvardiol,MCI,2,0
404,Akanji,MCI,2,0
405,Aké,MCI,2,1
406,Khusanov,MCI,2,0
407,Matheus N.,MCI,2,2
408,Rúben,MCI,2,0
409,Stones,MCI,2,0
410,Lewis,MCI,2,0
411,O’Reilly,MCI,2,0
412,Vitor Reis,MCI,2,0
413,Marmoush,MCI,3,0
414,Foden,MCI,3,17
415,Savinho,MCI,3,1
416,Bernardo,MCI,3,2
417,Cherki,MCI,3,0
418,Doku,MCI,3,8
419,Grealish,EVE,3,11
420,Gündoğan,MCI,3,0
421,Rodrigo,MCI,3,0
422,Kovačić,MCI,3,0
423,N.Gonzalez,MCI,3,2
424,Bobb,MCI,3,0
425,Echeverri,MCI,3,0
426,McAtee,NFO,3,0
427,Reijnders,MCI,3,7
428,Nypan,MCI,3,0
429,Phillips,MCI,3,0
430,Haaland,MCI,4,14
431,Bayindir,MUN,1,0
432,Onana,MUN,1,0
433,Harrison,MUN,1,0
434,Heaton,MUN,1,0
435,Mee,MUN,1,0
436,De Ligt,MUN,2,0
437,Martinez,MUN,2,1
438,Mazraoui,MUN,2,3
439,D.Leon,MUN,2,0
440,Dalot,MUN,2,15
441,Dorgu,MUN,2,1
442,Maguire,MUN,2,0
443,Shaw,MUN,2,1
444,Yoro,MUN,2,1
445,Amass,MUN,2,0
446,Fredricson,MUN,2,0
447,Heaven,MUN,2,0
448,Malacia,MUN,2,0
449,B.Fernandes,MUN,3,4
450,Cunha,MUN,3,3
451,Rashford,MUN,3,0
452,Amad,MUN,3,2
453,Garnacho,CHE,3,1
454,Antony,MUN,3,0
455,Mount,MUN,3,1
456,Sancho,AVL,3,0
457,Casemiro,MUN,3,8
458,Mainoo,MUN,3,0
459,Ugarte,MUN,3,1
460,Collyer,MUN,3,0
461,Fitzgerald,MUN,3,0
462,J.Fletcher,MUN,3,0
463,Kone,MUN,3,0
464,Moorhouse,MUN,3,0
465,Højlund,MUN,4,0
466,Zirkzee,MUN,4,2
467,Obi,MUN,4,0
468,Wheatley,MUN,4,0
469,Pope,NEW,1,0
470,Dúbravka,BUR,1,2
471,Gillespie,NEW,1,0
472,Odysseas,NEW,1,0
473,Hall,NEW,2,3
474,Schär,NEW,2,1
475,Botman,NEW,2,0
476,Burn,NEW,2,6
477,Livramento,NEW,2,3
478,Trippier,NEW,2,0
479,Krafth,NEW,2,0
480,Lascelles,NEW,2,0
481,A.Murphy,NEW,2,0
482,Ashby,NEW,2,0
483,Pivas,NEW,2,0
484,Targett,NEW,2,0
485,Gordon,NEW,3,6
486,Elanga,NEW,3,1
487,Barnes,NEW,3,3
488,Bruno G.,NEW,3,7
489,J.Murphy,NEW,3,3
490,Joelinton,NEW,3,4
491,Tonali,NEW,3,1
492,Antoñito C.,NEW,3,0
493,Longstaff,LEE,3,0
494,Willock,NEW,3,0
495,Hayden,NEW,3,0
496,Kuol,NEW,3,0
497,L.Miley,NEW,3,2
498,White,NEW,3,0
499,Isak,LIV,4,2
500,Osula,NEW,4,0
501,Neave,NEW,4,0
502,Sels,NFO,1,6
503,C.Miguel,NFO,1,0
504,Turner,NFO,1,0
505,Milenković,NFO,2,6
506,Murillo,NFO,2,0
507,Aina,NFO,2,0
508,N.Williams,NFO,2,8
509,David Carmo,NFO,2,0
510,Jair Cunha,NFO,2,0
511,Morato,NFO,2,7
512,O.Richards,NFO,2,0
513,Abbott,NFO,2,0
514,Boly,NFO,2,0
515,Gibbs-White,NFO,3,3
516,Hudson-Odoi,NFO,3,1
517,Anderson,NFO,3,2
518,Jota,NFO,3,0
519,Dominguez,NFO,3,1
520,O'Brien,NFO,3,0
521,Sangaré,NFO,3,3
522,Yates,NFO,3,1
523,Da Silva Moreira,NFO,3,0
524,Stamenic,NFO,3,0
525,Wood,NFO,4,0
526,Igor Jesus,NFO,4,9
527,Awoniyi,NFO,4,0
528,Patterson,SUN,1,0
529,Moore,SUN,1,0
530,Nna Noukeu,SUN,1,0
531,Ballard,SUN,2,4
532,Hume,SUN,2,2
533,Alese,SUN,2,0
534,Anderson,SUN,2,0
535,Cirkin,SUN,2,0
536,Hjelde,SUN,2,0
537,Huggins,SUN,2,0
538,Johnson,SUN,2,0
539,O'Nien,SUN,2,1
540,Pembele,SUN,2,0
541,Reinildo,SUN,2,4
542,Seelt,SUN,2,0
543,Adingra,SUN,3,0
544,Diarra,SUN,3,0
545,Roberts,SUN,3,0
546,Aleksić,SUN,3,0
547,E.Le Fée,SUN,3,5
548,Mundle,SUN,3,0
549,Neil,SUN,3,0
550,Poveda,SUN,3,0
551,Rigg,SUN,3,0
552,Sadiki,SUN,3,2
553,Talbi,SUN,3,10
554,Ba,SUN,3,0
555,Browne,SUN,3,0
556,Ekwah,SUN,3,0
557,H.Jones,SUN,3,0
558,Matete,SUN,3,0
559,Triantis,SUN,3,0
560,Isidor,SUN,4,1
561,Mayenda,SUN,4,0
562,Abdullahi,SUN,4,0
563,Luís Hemir,SUN,4,0
564,Rusyn,SUN,4,0
565,Vicario,TOT,1,2
566,Austin,TOT,1,0
567,Kinsky,TOT,1,0
568,Pedro Porro,TOT,2,1
569,Romero,TOT,2,17
570,Danso,TOT,2,3
571,Davies,TOT,2,0
572,Dragusin,TOT,2,0
573,Spence,TOT,2,0
574,Udogie,TOT,2,1
575,Van de Ven,TOT,2,0
576,Phillips,TOT,2,0
577,Takai,TOT,2,0
578,Vuskovic,TOT,2,0
579,Son,TOT,3,0
580,Johnson,TOT,3,2
581,Maddison,TOT,3,0
582,Kudus,TOT,3,7
583,Kulusevski,TOT,3,0
584,Tel,TOT,3,4
585,Bentancur,TOT,3,3
586,Bergvall,TOT,3,2
587,Bissouma,TOT,3,0
588,Odobert,TOT,3,1
589,Solomon,TOT,3,0
590,Bryan,TOT,3,0
591,Gray,TOT,3,1
592,Moore,TOT,3,0
593,P.M.Sarr,TOT,3,2
594,Min-hyeok,TOT,3,0
595,Olusesi,TOT,3,0
596,Solanke,TOT,4,0
597,Richarlison,TOT,4,0
598,Lankshear,TOT,4,0
599,Scarlett,TOT,4,0
600,Areola,WHU,1,3
601,Foderingham,WHU,1,0
602,Hegyi,WHU,1,0
603,Diouf,WHU,2,3
604,Emerson,WHU,2,0
605,Kilman,WHU,2,1
606,Mavropanos,WHU,2,4
607,N.Aguerd,WHU,2,0
608,Scarles,WHU,2,0
609,Todibo,WHU,2,4
610,Wan-Bissaka,WHU,2,3
611,Casey,WHU,2,0
612,L.Paquetá,WHU,3,0
613,Souček,WHU,3,2
614,Ward-Prowse,WHU,3,0
615,Summerville,WHU,3,0
616,Álvarez,WHU,3,0
617,Cornet,WHU,3,0
618,G.Rodriguez,WHU,3,0
619,L.Guilherme,WHU,3,0
620,Earthy,WHU,3,0
621,Irving,WHU,3,1
622,Orford,WHU,3,0
623,Potts,WHU,3,2
624,Bowen,WHU,4,5
625,Füllkrug,WHU,4,0
626,Marshall,WHU,4,0
627,Johnstone,WOL,1,2
628,José Sá,WOL,1,0
629,Bentley,WOL,1,0
630,King,EVE,1,0
631,Agbadou,WOL,2,2
632,Doherty,WOL,2,0
633,H.Bueno,WOL,2,0
634,Mosquera,WOL,2,1
635,R.Gomes,WOL,2,0
636,S.Bueno,WOL,2,0
637,Toti,WOL,2,2
638,Hoever,WOL,2,1
639,Meupiyou,WOL,2,0
640,Pedro Lima,WOL,2,0
641,Pond,WOL,2,0
642,Hee Chan,WOL,3,1
643,André,WOL,3,2
644,Bellegarde,WOL,3,3
645,Fer López,WOL,3,0
646,Gomes,WOL,3,1
647,Guedes,WOL,3,0
648,Munetsi,WOL,3,1
649,B.Traore,WOL,3,0
650,Chirewa,WOL,3,0
651,Edozie,WOL,3,0
652,Gonzalez,WOL,3,0
653,Hodge,WOL,3,0
654,Strand Larsen,WOL,4,2
655,Fábio Silva,WOL,4,0
656,Kalajdžić,WOL,4,0
657,Chiwome,WOL,4,0
658,Fraser,WOL,4,0
659,Walker-Peters,WHU,2,0
660,Stach,LEE,3,6
661,Ekitiké,LIV,4,1
662,Mosquera,ARS,2,1
663,J.Arias,WOL,3,2
664,Lecomte,FUL,1,0
665,Perri,LEE,1,2
666,Gyökeres,ARS,4,1
667,Aznou,EVE,2,0
668,Xhaka,SUN,3,4
669,Ndoye,NFO,3,3
670,Roefs,SUN,1,3
671,Wilson,WHU,4,2
672,Hato,CHE,2,0
673,J.Palhinha,TOT,3,0
674,Ramsdale,NEW,1,1
675,Gunn,NFO,1,0
676,Ugochukwu,BUR,3,1
677,Guessand,AVL,3,8
678,Masuaku,SUN,2,0
679,Hermansen,WHU,1,0
680,Broja,BUR,4,1
681,Šeško,MUN,4,0
682,Møller Wolfe,WOL,2,2
683,Alderete,SUN,2,4
684,Thiaw,NEW,2,1
685,Diakité,BOU,2,4
686,Ngumoha,LIV,3,0
687,Rees-Dottin,BOU,3,0
688,Wright,AVL,1,0
689,Seung soo,NEW,3,0
690,Cardines,CRY,3,0
691,Calvert-Lewin,LEE,4,9
692,Leoni,LIV,2,0
693,Hutchinson,NFO,3,6
694,Mukiele,SUN,2,0
695,Tchatchoua,WOL,2,2
696,Kalimuendo,NFO,4,0
697,Adli,BOU,3,1
698,Okafor,LEE,3,4
699,Douglas Luiz,NFO,3,0
700,Dowman,ARS,3,0
701,Rowe,AVL,2,0
702,Burrowes,AVL,3,0
703,Proctor,AVL,1,0
704,Onyango,EVE,3,0
705,Campbell,EVE,2,0
706,Justin,LEE,2,1
707,Dibling,EVE,3,0
708,M.Fernandes,WHU,3,4
709,Krejčí,WOL,2,0
710,Patterson,AVL,2,0
711,Harriman-Annous,ARS,3,0
712,Yeremy,CRY,3,3
713,A.Jimenez,BOU,2,4
714,Woltemade,NEW,4,5
715,John,NFO,1,0
716,Savona,NFO,2,6
717,Xavi,TOT,3,1
718,S.Magassa,WHU,3,11
719,Lindelöf,AVL,2,0
720,Tolu,WOL,4,1
721,Milosavljević,BOU,2,4
722,Florentino,BUR,3,2
723,Canvot,CRY,2,1
724,Geertruida,SUN,2,1
725,Hincapie,ARS,2,8
726,Kolo Muani,TOT,4,2
727,Chukwueze,FUL,3,12
728,Röhl,EVE,3,0
729,Cuiabano,NFO,2,0
730,Brobbey,SUN,4,2
731,Kevin,FUL,3,1
732,Uche,CRY,4,0
733,Lammens,MUN,1,2
734,Bakwa,NFO,3,0
735,Traoré,SUN,3,0
736,Donnarumma,MCI,1,0
737,Kusi-Asare,FUL,4,1
738,Fabianski,WHU,1,0
739,Mukasa,MCI,3,0
740,Mfuni,MCI,2,0
741,Gray,LEE,4,0
742,McAidoo,MCI,3,0
743,Emenalo,CHE,3,0
744,Oriola,BHA,3,0
745,Byfield,TOT,2,0
746,Morrison,LIV,3,0
747,Mayers,WHU,2,0
748,Dasilva,BRE,3,0
749,Mané,WOL,4,1
750,Rowswell,TOT,2,0
751,Akhamrich,TOT,3,0
752,Golambeckis,WHU,2,0
753,Ruddy,NEW,1,0
754,George Hemmings,AVL,3,0
755,Lacey,MUN,3,0
756,DaCosta,BOU,3,0
757,Hollingshead,AVL,1,0
758,Mohamadou Kanté,WHU,3,1
